exposure.id	exposure.trait	exposure.sample_size	exposure.sex	outcome.id	outcome.sample_size	N_case	mr.pval	mr.b	mr.se
ukb-a-319	Age at first live birth	123846.0	Males and Females	ukb-a-519	337199.0	5510	0.558758339656058	0.00171935165880063	0.00287922210010764
ukb-a-319	Age at first live birth	123846.0	Males and Females	ukb-a-55	337159.0	7480	0.816716938805055	0.00118657488335118	0.00511963035125384
ukb-a-319	Age at first live birth	123846.0	Males and Females	ieu-a-1126	228951.0	122977	0.01300618155414	-0.262656622032176	0.105756411396883
ukb-a-319	Age at first live birth	123846.0	Males and Females	ieu-a-1127	175475.0	69501	0.789003453531973	-0.034011079657933	0.124981584982992
ukb-a-319	Age at first live birth	123846.0	Males and Females	ieu-a-1128	127442.0	21468	0.618318443659041	-0.171929633476173	0.337428748327548
ukb-a-319	Age at first live birth	123846.0	Males and Females	ieu-a-1129	106776.0	61282	0.385667307718995	-0.13059601704434	0.150542704354805
ukb-a-319	Age at first live birth	123846.0	Males and Females	ieu-a-1135	55149.0	9655	0.893988766188389	0.062691216343103	0.461332741992902
ukb-a-319	Age at first live birth	123846.0	Males and Females	ieu-a-1136	50225.0	7333	0.0562703584322661	-0.413633834098593	0.216682932890302
ukb-a-319	Age at first live birth	123846.0	Males and Females	ieu-a-1131	32498.0	14910	0.0899963812950976	-0.443432481901036	0.261547769315779
ukb-a-319	Age at first live birth	123846.0	Males and Females	ieu-a-1137	22068.0	4480	0.0245021809097242	-0.993791945253385	0.441849841925534
ukb-a-319	Age at first live birth	123846.0	Males and Females	ieu-a-1134	21814.0	4226	0.932230782426199	0.0247795691090493	0.291392356492602
ukb-a-319	Age at first live birth	123846.0	Males and Females	ieu-a-1130	89677.0	46785	0.913246621972282	-0.0172921215737865	0.158724339685423
ukb-a-319	Age at first live birth	123846.0	Males and Females	ieu-a-1132	83691.0	38197	0.314350866749249	-0.16762376798103	0.166601746759248
ukb-a-319	Age at first live birth	123846.0	Males and Females	ieu-a-1133	69970.0	27078	0.79625706197036	-0.0466362742348103	0.180624819591602
ukb-a-320	Age at last live birth	123676.0	Males and Females	ieu-a-1130	89677.0	46785	0.161150278565595	-0.253887698453278	0.18119131933505
ukb-a-320	Age at last live birth	123676.0	Males and Females	ieu-a-1132	83691.0	38197	0.0100296016213713	-0.550637233817493	0.213855726019475
ukb-a-320	Age at last live birth	123676.0	Males and Females	ieu-a-1133	69970.0	27078	0.315986591692751	-0.248122141933357	0.247444281386054
ukb-a-320	Age at last live birth	123676.0	Males and Females	ieu-a-1135	55149.0	9655	0.0115551823396384	-0.869204161186119	0.34417859639507
ukb-a-320	Age at last live birth	123676.0	Males and Females	ieu-a-1136	50225.0	7333	0.819942601700356	-0.0943836524490421	0.414656661068173
ukb-a-320	Age at last live birth	123676.0	Males and Females	ieu-a-1131	32498.0	14910	0.810324961917253	0.0490867169126304	0.204522166942461
ukb-a-320	Age at last live birth	123676.0	Males and Females	ukb-a-519	337199.0	5510	0.217114731448164	-0.00415118537650852	0.00336336257018997
ukb-a-320	Age at last live birth	123676.0	Males and Females	ukb-a-55	337159.0	7480	5.7191756360368e-06	-0.0130656464906421	0.00288010731301523
ukb-a-320	Age at last live birth	123676.0	Males and Females	ieu-a-1126	228951.0	122977	0.0108676588930137	-0.340016025155045	0.133500570340966
ukb-a-320	Age at last live birth	123676.0	Males and Females	ieu-a-1127	175475.0	69501	0.0140109104908502	-0.390523492871001	0.158944285155637
ukb-a-320	Age at last live birth	123676.0	Males and Females	ieu-a-1128	127442.0	21468	0.030283195695538	-0.522115331854067	0.241009701854181
ukb-a-320	Age at last live birth	123676.0	Males and Females	ieu-a-1129	106776.0	61282	0.00751064524127979	-0.509227550941609	0.190485670485543
ukb-a-320	Age at last live birth	123676.0	Males and Females	ieu-a-1137	22068.0	4480	0.52972239527385	-0.352073193938024	0.560242643413791
ukb-a-320	Age at last live birth	123676.0	Males and Females	ieu-a-1134	21814.0	4226	0.839167004068896	0.123452444075014	0.60826268446697
ieu-a-1095	Age at menarche	182416.0	Females	ieu-a-1131	32498.0	14910	0.697712936179489	-0.0256901627496708	0.0658198829352717
ieu-a-1095	Age at menarche	182416.0	Females	ieu-a-1137	22068.0	4480	0.488164734079612	0.069447202213726	0.0995509833797697
ieu-a-1095	Age at menarche	182416.0	Females	ieu-a-1134	21814.0	4226	0.60337463866661	0.0435033356954806	0.0837321171222478
ieu-a-1095	Age at menarche	182416.0	Females	ukb-a-519	337199.0	5510	0.0754696155488535	-0.00195340898711192	0.00107953538878717
ieu-a-1095	Age at menarche	182416.0	Females	ukb-a-55	337159.0	7480	0.118687733126697	-0.00201130836682144	0.00127028610239771
ieu-a-1095	Age at menarche	182416.0	Females	ieu-a-1126	228951.0	122977	0.00923578045114205	-0.0828885256797413	0.0318410017255115
ieu-a-1095	Age at menarche	182416.0	Females	ieu-a-1130	89677.0	46785	0.973909513101573	-0.00141089823479296	0.0429570080010188
ieu-a-1095	Age at menarche	182416.0	Females	ieu-a-1132	83691.0	38197	0.118613554839182	-0.163115218950671	0.102792987113869
ieu-a-1095	Age at menarche	182416.0	Females	ieu-a-1133	69970.0	27078	0.707712729083513	0.0225609756097561	0.0601738776727907
ieu-a-1095	Age at menarche	182416.0	Females	ieu-a-1135	55149.0	9655	0.330255389899645	-0.163903427226503	0.166771463361874
ieu-a-1095	Age at menarche	182416.0	Females	ieu-a-1136	50225.0	7333	0.842646442719713	-0.0181880522206157	0.0916230762193909
ieu-a-1095	Age at menarche	182416.0	Females	ieu-a-1127	175475.0	69501	0.181207938455026	-0.0487091234139029	0.0360000188650687
ieu-a-1095	Age at menarche	182416.0	Females	ieu-a-1128	127442.0	21468	0.174681578288401	0.0780493300380924	0.0568101179240906
ieu-a-1095	Age at menarche	182416.0	Females	ieu-a-1129	106776.0	61282	0.606714368621817	-0.0200908303584631	0.0388198621404217
ieu-a-1004	Age at menopause	69360.0	Females	ieu-a-1127	175475.0	69501	7.69191897623922e-12	0.0684365711568185	0.00611890023255942
ieu-a-1004	Age at menopause	69360.0	Females	ieu-a-1128	127442.0	21468	0.312487825411367	0.0406316994900227	0.0396312807084329
ieu-a-1004	Age at menopause	69360.0	Females	ieu-a-1129	106776.0	61282	0.151947645090383	0.0217894736842106	0.0152088290797487
ieu-a-1004	Age at menopause	69360.0	Females	ieu-a-1130	89677.0	46785	2.20195333188894e-09	0.0633928513403737	0.00763087646900787
ieu-a-1004	Age at menopause	69360.0	Females	ieu-a-1132	83691.0	38197	0.0238705328170685	0.0374242535100798	0.0165652191948257
ieu-a-1004	Age at menopause	69360.0	Females	ieu-a-1133	69970.0	27078	1.63761629262192e-08	0.0736	0.00974572744270268
ieu-a-1004	Age at menopause	69360.0	Females	ieu-a-1137	22068.0	4480	0.558874858324635	-0.0255448717948718	0.043702788805986
ieu-a-1004	Age at menopause	69360.0	Females	ieu-a-1134	21814.0	4226	0.000400726299362755	0.0725918604651163	0.0183683866668681
ieu-a-1004	Age at menopause	69360.0	Females	ukb-a-519	337199.0	5510	4.02674731044012e-06	0.00124629666613625	0.000228421974242762
ieu-a-1004	Age at menopause	69360.0	Females	ukb-a-55	337159.0	7480	8.67066550501408e-06	0.00120495097469804	0.000270902251630792
ieu-a-1004	Age at menopause	69360.0	Females	ieu-a-1126	228951.0	122977	6.90924528411086e-11	0.0425421819308547	0.00652225949642208
ieu-a-1004	Age at menopause	69360.0	Females	ieu-a-1135	55149.0	9655	0.00266779418234295	0.0464457811238763	0.0154632157909976
ieu-a-1004	Age at menopause	69360.0	Females	ieu-a-1136	50225.0	7333	0.0831132210573129	0.0459351070640449	0.026507631010044
ieu-a-1004	Age at menopause	69360.0	Females	ieu-a-1131	32498.0	14910	0.0121388049264545	0.0625772809184318	0.0249502403178412
ukb-a-323	Age started oral contraceptive pill	144113.0	Males and Females	ieu-a-1135	55149.0	9655	0.21640287890723	0.689841842346915	0.558056823585116
ukb-a-323	Age started oral contraceptive pill	144113.0	Males and Females	ieu-a-1136	50225.0	7333	0.319024475374619	-0.320301756752913	0.321438180225471
ukb-a-323	Age started oral contraceptive pill	144113.0	Males and Females	ieu-a-1131	32498.0	14910	0.308484292129805	0.59483564057192	0.584084055164442
ukb-a-323	Age started oral contraceptive pill	144113.0	Males and Females	ieu-a-1137	22068.0	4480	0.88447065214895	0.132658214508783	0.912968520956932
ukb-a-323	Age started oral contraceptive pill	144113.0	Males and Females	ieu-a-1134	21814.0	4226	0.5	2.43747938359503	2.43747938359503
ukb-a-323	Age started oral contraceptive pill	144113.0	Males and Females	ieu-a-1127	175475.0	69501	0.0558665289714784	0.480426555438853	0.251259215980561
ukb-a-323	Age started oral contraceptive pill	144113.0	Males and Females	ieu-a-1128	127442.0	21468	0.00305496812829824	0.213730721482793	0.0721538641382103
ukb-a-323	Age started oral contraceptive pill	144113.0	Males and Females	ieu-a-1129	106776.0	61282	6.44404965359875e-46	0.300595463649104	0.0211320348261205
ukb-a-323	Age started oral contraceptive pill	144113.0	Males and Females	ieu-a-1130	89677.0	46785	0.12783423826853	0.482298432384499	0.316739354337206
ukb-a-323	Age started oral contraceptive pill	144113.0	Males and Females	ieu-a-1132	83691.0	38197	2.72469318505056e-54	0.382138568828175	0.0246294588585208
ukb-a-323	Age started oral contraceptive pill	144113.0	Males and Females	ieu-a-1133	69970.0	27078	0.0682909977832439	0.689737930782879	0.378336242835577
ukb-a-323	Age started oral contraceptive pill	144113.0	Males and Females	ukb-a-519	337199.0	5510	0.799429985447177	-0.00250351582165527	0.00985306893538287
ukb-a-323	Age started oral contraceptive pill	144113.0	Males and Females	ukb-a-55	337159.0	7480	8.10136264612995e-18	0.00880373554910673	0.00102391082046257
ukb-a-323	Age started oral contraceptive pill	144113.0	Males and Females	ieu-a-1126	228951.0	122977	0.050691897705957	0.409846266961702	0.209738862614222
ukb-a-315	Age when periods started (menarche)	176008.0	Males and Females	ukb-a-519	337199.0	5510	0.672796530467578	-0.00272067552581517	0.00642568382599488
ukb-a-315	Age when periods started (menarche)	176008.0	Males and Females	ukb-a-55	337159.0	7480	0.192280685380346	-0.00344258221255379	0.00264029672952051
ukb-a-315	Age when periods started (menarche)	176008.0	Males and Females	ieu-a-1126	228951.0	122977	0.0464985006997854	-0.193693032687229	0.0959802811579006
ukb-a-315	Age when periods started (menarche)	176008.0	Males and Females	ieu-a-1127	175475.0	69501	0.757909065973317	-0.020678338876008	0.0670878638301887
ukb-a-315	Age when periods started (menarche)	176008.0	Males and Females	ieu-a-1128	127442.0	21468	0.503468611880938	0.167952651788924	0.250258274382227
ukb-a-315	Age when periods started (menarche)	176008.0	Males and Females	ieu-a-1129	106776.0	61282	0.777854497290282	-0.0185134967097367	0.0654737175716333
ukb-a-315	Age when periods started (menarche)	176008.0	Males and Females	ieu-a-1135	55149.0	9655	0.565197167550016	-0.0725044711090517	0.126064216820327
ukb-a-315	Age when periods started (menarche)	176008.0	Males and Females	ieu-a-1136	50225.0	7333	0.89217834721895	-0.0528375589969894	0.388912924409173
ukb-a-315	Age when periods started (menarche)	176008.0	Males and Females	ieu-a-1131	32498.0	14910	0.76461240180916	-0.0268160935859088	0.0893471740672197
ukb-a-315	Age when periods started (menarche)	176008.0	Males and Females	ieu-a-1137	22068.0	4480	0.561354099352191	-0.119562483766301	0.205847146966793
ukb-a-315	Age when periods started (menarche)	176008.0	Males and Females	ieu-a-1134	21814.0	4226	0.702920910711853	-0.0851818988464951	0.223351465359004
ukb-a-315	Age when periods started (menarche)	176008.0	Males and Females	ieu-a-1130	89677.0	46785	0.589104441779099	0.0431177654585712	0.0798278654936924
ukb-a-315	Age when periods started (menarche)	176008.0	Males and Females	ieu-a-1132	83691.0	38197	0.196369193712292	-0.187651409210021	0.144312895762376
ukb-a-315	Age when periods started (menarche)	176008.0	Males and Females	ieu-a-1133	69970.0	27078	0.200508562509553	0.0770321099449076	0.0598054095592654
ieu-a-29	Birth length	28459.0	Males and Females	ieu-a-1130	89677.0	46785	0.323119544549597	0.154599976377325	0.156467003972145
ieu-a-29	Birth length	28459.0	Males and Females	ieu-a-1132	83691.0	38197	0.924357521073775	0.01361452551159	0.143391926090646
ieu-a-29	Birth length	28459.0	Males and Females	ieu-a-1133	69970.0	27078	0.655720472577959	0.0818667437014272	0.183627955087646
ieu-a-29	Birth length	28459.0	Males and Females	ieu-a-1135	55149.0	9655	0.542834948297354	0.140744637590977	0.231285664559018
ieu-a-29	Birth length	28459.0	Males and Females	ieu-a-1136	50225.0	7333	0.092143336922494	0.172370511286691	0.102345729395257
ieu-a-29	Birth length	28459.0	Males and Females	ieu-a-1131	32498.0	14910	0.738537811615749	0.0827844801534456	0.248013446797025
ieu-a-29	Birth length	28459.0	Males and Females	ukb-a-519	337199.0	5510	0.612976542192064	-0.00131311933828613	0.00259597366072633
ieu-a-29	Birth length	28459.0	Males and Females	ukb-a-55	337159.0	7480	3.8074609510138e-10	-0.00835262965897903	0.00133391867624251
ieu-a-29	Birth length	28459.0	Males and Females	ieu-a-1126	228951.0	122977	0.298379196111876	0.0965554144253816	0.09284929547224
ieu-a-29	Birth length	28459.0	Males and Females	ieu-a-1127	175475.0	69501	0.947660888354681	0.00719845645785562	0.109658241218993
ieu-a-29	Birth length	28459.0	Males and Females	ieu-a-1128	127442.0	21468	0.159223189936744	0.209969100611495	0.149158731358479
ieu-a-29	Birth length	28459.0	Males and Females	ieu-a-1129	106776.0	61282	0.641653701906332	0.0595381537580392	0.127932321645316
ieu-a-29	Birth length	28459.0	Males and Females	ieu-a-1137	22068.0	4480	0.243031037587176	0.45221401532644	0.387353864473577
ieu-a-29	Birth length	28459.0	Males and Females	ieu-a-1134	21814.0	4226	0.028184260788502	-0.463712206401689	0.211286127178072
ieu-a-27	Birth weight	26836.0	Males and Females	ieu-a-1137	22068.0	4480	0.777277281646146	-0.0719068627784131	0.254205552147275
ieu-a-27	Birth weight	26836.0	Males and Females	ieu-a-1134	21814.0	4226	0.430687569820906	-0.128058771957939	0.162507910811079
ieu-a-27	Birth weight	26836.0	Males and Females	ukb-a-519	337199.0	5510	0.466689228760196	-0.00188311231660717	0.00258713185715704
ieu-a-27	Birth weight	26836.0	Males and Females	ukb-a-55	337159.0	7480	0.529613038059743	-0.0018838612547187	0.00299693089974062
ieu-a-27	Birth weight	26836.0	Males and Females	ieu-a-1126	228951.0	122977	0.780885239349605	-0.0160058533573581	0.0575407357397556
ieu-a-27	Birth weight	26836.0	Males and Females	ieu-a-1130	89677.0	46785	0.790617294040243	-0.0147351718544774	0.0554978017116775
ieu-a-27	Birth weight	26836.0	Males and Females	ieu-a-1132	83691.0	38197	0.579610865102015	-0.0521240781888478	0.0940947301002433
ieu-a-27	Birth weight	26836.0	Males and Females	ieu-a-1133	69970.0	27078	0.947156226192499	-0.00491573379326575	0.0741680264417789
ieu-a-27	Birth weight	26836.0	Males and Females	ieu-a-1135	55149.0	9655	0.561197662175924	0.0881418419613248	0.151690551980491
ieu-a-27	Birth weight	26836.0	Males and Females	ieu-a-1136	50225.0	7333	0.366283227988415	-0.142762214752871	0.158017662758674
ieu-a-27	Birth weight	26836.0	Males and Females	ieu-a-1131	32498.0	14910	0.493362997712962	-0.111893719222649	0.163355704534776
ieu-a-27	Birth weight	26836.0	Males and Females	ieu-a-1127	175475.0	69501	0.595275123844368	-0.036423269968565	0.068566958470503
ieu-a-27	Birth weight	26836.0	Males and Females	ieu-a-1128	127442.0	21468	0.8446338147395	-0.0205099903033561	0.104658941181708
ieu-a-27	Birth weight	26836.0	Males and Females	ieu-a-1129	106776.0	61282	0.91648487485409	0.00878771562959105	0.0838022299117027
ieu-a-974	Body mass index	171977.0	Females	ieu-a-1127	175475.0	69501	0.47880507015079	-0.0888373100186852	0.123694943381256
ieu-a-974	Body mass index	171977.0	Females	ieu-a-1128	127442.0	21468	0.0625509799412546	-0.355740187811904	0.183399823161088
ieu-a-974	Body mass index	171977.0	Females	ieu-a-1129	106776.0	61282	0.00323811028807734	-0.243767770495197	0.0771147208777952
ieu-a-974	Body mass index	171977.0	Females	ieu-a-1130	89677.0	46785	0.250921274666326	-0.183317175828659	0.156682534899663
ieu-a-974	Body mass index	171977.0	Females	ieu-a-1132	83691.0	38197	0.0105753616042346	-0.216468250997364	0.0801353990795789
ieu-a-974	Body mass index	171977.0	Females	ieu-a-1133	69970.0	27078	0.0146918702234863	-0.394045370616258	0.152177799892318
ieu-a-974	Body mass index	171977.0	Females	ieu-a-1137	22068.0	4480	0.136691240140058	-0.340876699272078	0.229048978396313
ieu-a-974	Body mass index	171977.0	Females	ieu-a-1134	21814.0	4226	0.534507047776342	-0.18708705177014	0.298041971311862
ieu-a-974	Body mass index	171977.0	Females	ukb-a-519	337199.0	5510	0.0127552546578531	-0.00465235705379436	0.00177488140692406
ieu-a-974	Body mass index	171977.0	Females	ukb-a-55	337159.0	7480	0.00350527249008548	-0.00740217337170369	0.00236868407380207
ieu-a-974	Body mass index	171977.0	Females	ieu-a-1126	228951.0	122977	9.78811784289222e-13	-0.788037146309407	0.110470631642082
ieu-a-974	Body mass index	171977.0	Females	ieu-a-1135	55149.0	9655	0.501190424511583	-0.148530792185899	0.21806424107957
ieu-a-974	Body mass index	171977.0	Females	ieu-a-1136	50225.0	7333	0.732314487264105	-0.100712778310603	0.291708529280043
ieu-a-974	Body mass index	171977.0	Females	ieu-a-1131	32498.0	14910	0.00272960658330631	-0.61998710507163	0.19037020270775
ukb-a-34	Comparative body size at age 10	331693.0	Males and Females	ieu-a-1135	55149.0	9655	0.133906815402148	-0.478076551212872	0.316918914681745
ukb-a-34	Comparative body size at age 10	331693.0	Males and Females	ieu-a-1136	50225.0	7333	0.209523707320875	-0.45488764347725	0.360658607549203
ukb-a-34	Comparative body size at age 10	331693.0	Males and Females	ieu-a-1131	32498.0	14910	0.000107390438523857	-1.20153205340025	0.301439433761502
ukb-a-34	Comparative body size at age 10	331693.0	Males and Females	ieu-a-1137	22068.0	4480	0.00144893014506175	-0.880704727171528	0.276540515895239
ukb-a-34	Comparative body size at age 10	331693.0	Males and Females	ieu-a-1134	21814.0	4226	0.46552666232358	-0.353375665915333	0.482908848857639
ukb-a-34	Comparative body size at age 10	331693.0	Males and Females	ieu-a-1127	175475.0	69501	6.60998200864788e-08	-0.402564787382738	0.0705997744278241
ukb-a-34	Comparative body size at age 10	331693.0	Males and Females	ieu-a-1128	127442.0	21468	0.206484747541198	-0.40093384865561	0.315724711273706
ukb-a-34	Comparative body size at age 10	331693.0	Males and Females	ieu-a-1129	106776.0	61282	0.000237619734862215	-0.632329897979709	0.16707483517323
ukb-a-34	Comparative body size at age 10	331693.0	Males and Females	ieu-a-1130	89677.0	46785	0.00391734539143008	-0.327435438832563	0.113505969574968
ukb-a-34	Comparative body size at age 10	331693.0	Males and Females	ieu-a-1132	83691.0	38197	0.00141635631206149	-0.549813196842198	0.168279455131909
ukb-a-34	Comparative body size at age 10	331693.0	Males and Females	ieu-a-1133	69970.0	27078	0.0512188784874211	-0.510786013792276	0.259514097849489
ukb-a-34	Comparative body size at age 10	331693.0	Males and Females	ukb-a-519	337199.0	5510	0.383194454854313	-0.00612902607937524	0.00700624221197943
ukb-a-34	Comparative body size at age 10	331693.0	Males and Females	ukb-a-55	337159.0	7480	0.202355759197632	-0.0111758100040721	0.00872484899396317
ukb-a-34	Comparative body size at age 10	331693.0	Males and Females	ieu-a-1126	228951.0	122977	2.22694111460153e-05	-0.536389005598179	0.121197612241338
ukb-a-35	Comparative height size at age 10	332021.0	Males and Females	ukb-a-519	337199.0	5510	0.774057442554589	-0.00143254642155335	0.00498613867267805
ukb-a-35	Comparative height size at age 10	332021.0	Males and Females	ukb-a-55	337159.0	7480	0.118815918085642	0.00320374376666257	0.00205399406210783
ukb-a-35	Comparative height size at age 10	332021.0	Males and Females	ieu-a-1126	228951.0	122977	0.205345985551964	0.0554336860663453	0.043770340662001
ukb-a-35	Comparative height size at age 10	332021.0	Males and Females	ieu-a-1127	175475.0	69501	0.116329566477471	0.0859012618547952	0.0547013643754348
ukb-a-35	Comparative height size at age 10	332021.0	Males and Females	ieu-a-1128	127442.0	21468	0.506395181661057	0.0453869225396765	0.0683063560922946
ukb-a-35	Comparative height size at age 10	332021.0	Males and Females	ieu-a-1129	106776.0	61282	0.485655894505039	0.119106446654447	0.170640790430816
ukb-a-35	Comparative height size at age 10	332021.0	Males and Females	ieu-a-1135	55149.0	9655	0.222805847660408	0.238409073418561	0.195203857167855
ukb-a-35	Comparative height size at age 10	332021.0	Males and Females	ieu-a-1136	50225.0	7333	0.871616288386719	-0.0120440349226712	0.0745272434915614
ukb-a-35	Comparative height size at age 10	332021.0	Males and Females	ieu-a-1131	32498.0	14910	0.495972105062934	0.0776693435554927	0.114078534868906
ukb-a-35	Comparative height size at age 10	332021.0	Males and Females	ieu-a-1137	22068.0	4480	0.197051089534277	0.207456767861642	0.160819354802253
ukb-a-35	Comparative height size at age 10	332021.0	Males and Females	ieu-a-1134	21814.0	4226	0.65872498222876	0.0572661880324	0.129543508851527
ukb-a-35	Comparative height size at age 10	332021.0	Males and Females	ieu-a-1130	89677.0	46785	0.88864894750527	0.009335058206566	0.0666723311405902
ukb-a-35	Comparative height size at age 10	332021.0	Males and Females	ieu-a-1132	83691.0	38197	0.0014750104599296	0.206639541756241	0.0649900692944165
ukb-a-35	Comparative height size at age 10	332021.0	Males and Females	ieu-a-1133	69970.0	27078	0.000879865299887277	0.175405009158261	0.0522055826438983
ieu-a-1035	Difference in height between childhood and adulthood	5756.0	Females	ieu-a-1130	89677.0	46785	0.5	0.0625811154372678	0.0625811154372678
ieu-a-1035	Difference in height between childhood and adulthood	5756.0	Females	ieu-a-1132	83691.0	38197	0.5	0.0454246448699486	0.0454246448699486
ieu-a-1035	Difference in height between childhood and adulthood	5756.0	Females	ieu-a-1133	69970.0	27078	0.5	0.0776041388874073	0.0776041388874073
ieu-a-1035	Difference in height between childhood and adulthood	5756.0	Females	ieu-a-1135	55149.0	9655	0.5	-0.0937827795260192	-0.0937827795260192
ieu-a-1035	Difference in height between childhood and adulthood	5756.0	Females	ieu-a-1136	50225.0	7333	0.5	0.0576919657937312	0.0576919657937312
ieu-a-1035	Difference in height between childhood and adulthood	5756.0	Females	ieu-a-1131	32498.0	14910	0.5	0.276459188934521	0.276459188934521
ieu-a-1035	Difference in height between childhood and adulthood	5756.0	Females	ukb-a-519	337199.0	5510	0.5	-0.00367322701655199	-0.00367322701655199
ieu-a-1035	Difference in height between childhood and adulthood	5756.0	Females	ukb-a-55	337159.0	7480	0.5	-0.00473414582111046	-0.00473414582111046
ieu-a-1035	Difference in height between childhood and adulthood	5756.0	Females	ieu-a-1126	228951.0	122977	0.5	0.0488914964353654	0.0488914964353654
ieu-a-1035	Difference in height between childhood and adulthood	5756.0	Females	ieu-a-1127	175475.0	69501	0.5	0.0657812861130371	0.0657812861130371
ieu-a-1035	Difference in height between childhood and adulthood	5756.0	Females	ieu-a-1128	127442.0	21468	0.5	0.035557451952993	0.035557451952993
ieu-a-1035	Difference in height between childhood and adulthood	5756.0	Females	ieu-a-1129	106776.0	61282	0.5	-0.0140451935214323	-0.0140451935214323
ieu-a-1035	Difference in height between childhood and adulthood	5756.0	Females	ieu-a-1137	22068.0	4480	0.5	0.43646772272299	0.43646772272299
ieu-a-1035	Difference in height between childhood and adulthood	5756.0	Females	ieu-a-1134	21814.0	4226	0.5	0.231123437694455	0.231123437694455
ukb-a-509	Duration of moderate activity	251031.0	Males and Females	ieu-a-1137	22068.0	4480	0.5	-0.348606795997749	-0.348606795997749
ukb-a-509	Duration of moderate activity	251031.0	Males and Females	ieu-a-1134	21814.0	4226	0.5	-0.715561318100643	-0.715561318100643
ukb-a-509	Duration of moderate activity	251031.0	Males and Females	ukb-a-519	337199.0	5510	0.5	0.0249189642097023	0.0249189642097023
ukb-a-509	Duration of moderate activity	251031.0	Males and Females	ukb-a-55	337159.0	7480	0.5	0.0183612422633755	0.0183612422633755
ukb-a-509	Duration of moderate activity	251031.0	Males and Females	ieu-a-1126	228951.0	122977	0.5	0.917386305257235	0.917386305257235
ukb-a-509	Duration of moderate activity	251031.0	Males and Females	ieu-a-1130	89677.0	46785	0.5	1.16446901680652	1.16446901680652
ukb-a-509	Duration of moderate activity	251031.0	Males and Females	ieu-a-1132	83691.0	38197	0.5	1.373021503535	1.373021503535
ukb-a-509	Duration of moderate activity	251031.0	Males and Females	ieu-a-1133	69970.0	27078	0.5	1.5424321745725	1.5424321745725
ukb-a-509	Duration of moderate activity	251031.0	Males and Females	ieu-a-1135	55149.0	9655	0.5	-1.30941605303716	-1.30941605303716
ukb-a-509	Duration of moderate activity	251031.0	Males and Females	ieu-a-1136	50225.0	7333	0.5	1.04398561538273	1.04398561538273
ukb-a-509	Duration of moderate activity	251031.0	Males and Females	ieu-a-1131	32498.0	14910	0.5	0.91127039655552	0.91127039655552
ukb-a-509	Duration of moderate activity	251031.0	Males and Females	ieu-a-1127	175475.0	69501	0.5	1.3149203708687	1.3149203708687
ukb-a-509	Duration of moderate activity	251031.0	Males and Females	ieu-a-1128	127442.0	21468	0.5	-0.318027252489175	-0.318027252489175
ukb-a-509	Duration of moderate activity	251031.0	Males and Females	ieu-a-1129	106776.0	61282	0.5	0.709445409398929	0.709445409398929
ukb-a-512	Duration of vigorous activity	183731.0	Males and Females	ieu-a-1127	175475.0	69501	0.330425107569003	0.130473411125414	0.134058405478225
ukb-a-512	Duration of vigorous activity	183731.0	Males and Females	ieu-a-1128	127442.0	21468	0.464649061560126	0.302297769974584	0.413419578762625
ukb-a-512	Duration of vigorous activity	183731.0	Males and Females	ieu-a-1129	106776.0	61282	0.346594781381308	0.119094607181206	0.126532863816929
ukb-a-512	Duration of vigorous activity	183731.0	Males and Females	ieu-a-1130	89677.0	46785	8.3477701196466e-20	0.347095724148621	0.0381065152485557
ukb-a-512	Duration of vigorous activity	183731.0	Males and Females	ieu-a-1132	83691.0	38197	0.64810367254564	-0.0533916837415922	0.116984873737723
ukb-a-512	Duration of vigorous activity	183731.0	Males and Females	ieu-a-1133	69970.0	27078	7.69734270874259e-07	0.276427625377438	0.0559243069052402
ukb-a-512	Duration of vigorous activity	183731.0	Males and Females	ieu-a-1137	22068.0	4480	0.0620029727381919	-1.61458692217127	0.865139043426365
ukb-a-512	Duration of vigorous activity	183731.0	Males and Females	ieu-a-1134	21814.0	4226	0.45693402314591	0.913688959317921	1.22823358798224
ukb-a-512	Duration of vigorous activity	183731.0	Males and Females	ukb-a-519	337199.0	5510	7.20056140426184e-05	0.00265310070960608	0.000668361485727767
ukb-a-512	Duration of vigorous activity	183731.0	Males and Females	ukb-a-55	337159.0	7480	0.790490472134419	0.001772984238011	0.00667353909344615
ukb-a-512	Duration of vigorous activity	183731.0	Males and Females	ieu-a-1126	228951.0	122977	0.221441917965504	0.170045031057758	0.139073053775604
ukb-a-512	Duration of vigorous activity	183731.0	Males and Females	ieu-a-1135	55149.0	9655	0.740163363007311	-0.198028252960689	0.597123486415581
ukb-a-512	Duration of vigorous activity	183731.0	Males and Females	ieu-a-1136	50225.0	7333	0.000945362876573628	1.82523617569879	0.552047702263202
ukb-a-512	Duration of vigorous activity	183731.0	Males and Females	ieu-a-1131	32498.0	14910	0.661488366561336	-0.259326632850396	0.592260351402104
ukb-a-324	Ever used hormone-replacement therapy (HRT)	180631.0	Males and Females	ieu-a-1135	55149.0	9655	0.180104254668306	-0.952688138044416	0.710731050370249
ukb-a-324	Ever used hormone-replacement therapy (HRT)	180631.0	Males and Females	ieu-a-1136	50225.0	7333	0.212029678615203	-0.993660815269396	0.796200174697123
ukb-a-324	Ever used hormone-replacement therapy (HRT)	180631.0	Males and Females	ieu-a-1131	32498.0	14910	0.205126147846094	-0.939597178419472	0.741544387163255
ukb-a-324	Ever used hormone-replacement therapy (HRT)	180631.0	Males and Females	ieu-a-1137	22068.0	4480	0.000377510671096312	-1.71272695453032	0.481735553928476
ukb-a-324	Ever used hormone-replacement therapy (HRT)	180631.0	Males and Females	ieu-a-1134	21814.0	4226	0.00508895280781943	-1.83394817210734	0.654666196065449
ukb-a-324	Ever used hormone-replacement therapy (HRT)	180631.0	Males and Females	ieu-a-1127	175475.0	69501	0.000103541155403742	-1.21708697231478	0.313509279409358
ukb-a-324	Ever used hormone-replacement therapy (HRT)	180631.0	Males and Females	ieu-a-1128	127442.0	21468	0.00108345597765791	-1.54804815094631	0.473712287812085
ukb-a-324	Ever used hormone-replacement therapy (HRT)	180631.0	Males and Females	ieu-a-1129	106776.0	61282	0.00122059943975798	-1.1997289476177	0.370971147740182
ukb-a-324	Ever used hormone-replacement therapy (HRT)	180631.0	Males and Females	ieu-a-1130	89677.0	46785	0.00215293900219399	-1.27646742325417	0.41602034715752
ukb-a-324	Ever used hormone-replacement therapy (HRT)	180631.0	Males and Females	ieu-a-1132	83691.0	38197	0.00967502099701965	-1.07081105617693	0.413882766735976
ukb-a-324	Ever used hormone-replacement therapy (HRT)	180631.0	Males and Females	ieu-a-1133	69970.0	27078	0.00199578447037461	-1.5276665785777	0.494253094939125
ukb-a-324	Ever used hormone-replacement therapy (HRT)	180631.0	Males and Females	ukb-a-519	337199.0	5510	0.711968958314906	-0.00447817991360405	0.0121289872672311
ukb-a-324	Ever used hormone-replacement therapy (HRT)	180631.0	Males and Females	ukb-a-55	337159.0	7480	0.446220951632503	-0.0107162012963235	0.0140682344601796
ukb-a-324	Ever used hormone-replacement therapy (HRT)	180631.0	Males and Females	ieu-a-1126	228951.0	122977	0.0300761860955329	-0.630957102284052	0.290886216596106
ieu-a-87	Extreme waist-to-hip ratio	10255.0	Males and Females	ukb-a-519	337199.0	5510	0.008570321568797	0.00151368165892294	0.000575821405919788
ieu-a-87	Extreme waist-to-hip ratio	10255.0	Males and Females	ukb-a-55	337159.0	7480	0.0412415342214408	0.00202806929678802	0.000993619006432332
ieu-a-87	Extreme waist-to-hip ratio	10255.0	Males and Females	ieu-a-1126	228951.0	122977	2.65434915309206e-05	0.0477882669012818	0.0113747495403785
ieu-a-87	Extreme waist-to-hip ratio	10255.0	Males and Females	ieu-a-1127	175475.0	69501	0.0720651135050522	0.050681807017575	0.0281768069602044
ieu-a-87	Extreme waist-to-hip ratio	10255.0	Males and Females	ieu-a-1128	127442.0	21468	0.854549040898099	-0.00774819338674715	0.0422665635241502
ieu-a-87	Extreme waist-to-hip ratio	10255.0	Males and Females	ieu-a-1129	106776.0	61282	0.100025729900302	0.0443898923749426	0.0269891848633373
ieu-a-87	Extreme waist-to-hip ratio	10255.0	Males and Females	ieu-a-1135	55149.0	9655	0.702798042733064	0.0232692284525492	0.0609866701739694
ieu-a-87	Extreme waist-to-hip ratio	10255.0	Males and Females	ieu-a-1136	50225.0	7333	0.905527654435839	-0.00847490995189477	0.0714088244874307
ieu-a-87	Extreme waist-to-hip ratio	10255.0	Males and Females	ieu-a-1131	32498.0	14910	0.591910707069202	0.0348467240903028	0.0650041493459621
ieu-a-87	Extreme waist-to-hip ratio	10255.0	Males and Females	ieu-a-1137	22068.0	4480	6.07404797962693e-21	-0.093102423187519	0.00991642500999134
ieu-a-87	Extreme waist-to-hip ratio	10255.0	Males and Females	ieu-a-1134	21814.0	4226	0.802981113782793	-0.0286251329418491	0.114734197036972
ieu-a-87	Extreme waist-to-hip ratio	10255.0	Males and Females	ieu-a-1130	89677.0	46785	0.0313453978381331	0.0553192739453685	0.0256980991861067
ieu-a-87	Extreme waist-to-hip ratio	10255.0	Males and Females	ieu-a-1132	83691.0	38197	0.16987037265698	0.0527029774600032	0.0383958855175704
ieu-a-87	Extreme waist-to-hip ratio	10255.0	Males and Females	ieu-a-1133	69970.0	27078	1.38783597924898e-46	0.0596797860726324	0.00416419505094162
ukb-a-316	Had menopause	152035.0	Males and Females	ieu-a-1130	89677.0	46785	0.126452092867998	-1.12676531326906	0.585146589936402
ukb-a-316	Had menopause	152035.0	Males and Females	ieu-a-1132	83691.0	38197	0.0141240211807604	-1.52875304992214	0.622939992455165
ukb-a-316	Had menopause	152035.0	Males and Females	ieu-a-1133	69970.0	27078	0.127143797071528	-1.41624402008247	0.675943367035412
ukb-a-316	Had menopause	152035.0	Males and Females	ieu-a-1135	55149.0	9655	0.0930404373787336	-3.09542665608284	1.49416108205216
ukb-a-316	Had menopause	152035.0	Males and Females	ieu-a-1136	50225.0	7333	0.440111017672313	-0.967282859886677	1.15393285407663
ukb-a-316	Had menopause	152035.0	Males and Females	ieu-a-1131	32498.0	14910	0.750350549749659	0.412832361815855	1.22783582015505
ukb-a-316	Had menopause	152035.0	Males and Females	ukb-a-519	337199.0	5510	0.683600909375795	-0.00457531034480927	0.0112262590810651
ukb-a-316	Had menopause	152035.0	Males and Females	ukb-a-55	337159.0	7480	0.280400327884539	-0.0116068143999729	0.0101067311848782
ukb-a-316	Had menopause	152035.0	Males and Females	ieu-a-1126	228951.0	122977	0.000800363913880469	-0.115900909664321	0.034569745248576
ukb-a-316	Had menopause	152035.0	Males and Females	ieu-a-1127	175475.0	69501	0.00735588509184398	-1.44645582162307	0.539664335647743
ukb-a-316	Had menopause	152035.0	Males and Females	ieu-a-1128	127442.0	21468	0.0136751728052834	-2.06569255591614	0.599189875671661
ukb-a-316	Had menopause	152035.0	Males and Females	ieu-a-1129	106776.0	61282	8.75930118494879e-05	-1.86475991939131	0.475386917903639
ukb-a-316	Had menopause	152035.0	Males and Females	ieu-a-1137	22068.0	4480	0.306124887586337	-1.48539663735362	1.45145149242075
ukb-a-316	Had menopause	152035.0	Males and Females	ieu-a-1134	21814.0	4226	0.533176745678453	-0.895744874573937	1.43741431100338
ieu-a-97	Height	73137.0	Females	ieu-a-1137	22068.0	4480	0.0440998999671129	0.170243566983806	0.0822456930308379
ieu-a-97	Height	73137.0	Females	ieu-a-1134	21814.0	4226	0.615800063746696	0.0538293381103734	0.107270018886581
ieu-a-97	Height	73137.0	Females	ukb-a-519	337199.0	5510	0.0734509025393815	0.00211264447289733	0.00115591755917884
ieu-a-97	Height	73137.0	Females	ukb-a-55	337159.0	7480	0.128993496457537	0.00201591712379952	0.00130642177380363
ieu-a-97	Height	73137.0	Females	ieu-a-1126	228951.0	122977	0.875465770754769	-0.00576250706100104	0.0367695161214637
ieu-a-97	Height	73137.0	Females	ieu-a-1130	89677.0	46785	0.828095154837585	0.0108152148610271	0.0495296231924451
ieu-a-97	Height	73137.0	Females	ieu-a-1132	83691.0	38197	0.153530749321255	0.0755105534769906	0.0529092721311326
ieu-a-97	Height	73137.0	Females	ieu-a-1133	69970.0	27078	0.60357909692879	-0.0334648345775921	0.0644471027435081
ieu-a-97	Height	73137.0	Females	ieu-a-1135	55149.0	9655	0.567955405862987	0.0491428571428571	0.0860547130354534
ieu-a-97	Height	73137.0	Females	ieu-a-1136	50225.0	7333	0.675502983612699	0.0447826086956521	0.106979939939789
ieu-a-97	Height	73137.0	Females	ieu-a-1131	32498.0	14910	0.0150979893941667	0.146404396806261	0.0602482269277442
ieu-a-97	Height	73137.0	Females	ieu-a-1127	175475.0	69501	0.482261393650479	0.056743856266376	0.0801268565837583
ieu-a-97	Height	73137.0	Females	ieu-a-1128	127442.0	21468	0.417261752521503	-0.128638840962423	0.157213384611369
ieu-a-97	Height	73137.0	Females	ieu-a-1129	106776.0	61282	0.239078921574389	0.0591840024963731	0.0502712965641866
ieu-a-101	Hip circumference	73137.0	Females	ieu-a-1127	175475.0	69501	0.761419746867739	0.0266771344763871	0.0878644478176092
ieu-a-99	Hip circumference	73137.0	Females	ieu-a-1127	175475.0	69501	5.44301698202213e-08	-0.522189209059877	0.0960578384845334
ieu-a-51	Hip circumference	127997.0	Females	ieu-a-1127	175475.0	69501	0.00610141302585701	-0.494620469041474	0.142867795365037
ieu-a-57	Hip circumference	117339.0	Females	ieu-a-1127	175475.0	69501	0.464932572830873	0.0463690476190476	0.0634541508353934
ieu-a-101	Hip circumference	73137.0	Females	ieu-a-1128	127442.0	21468	0.000752097049535472	0.388970490832578	0.115426722762434
ieu-a-99	Hip circumference	73137.0	Females	ieu-a-1128	127442.0	21468	4.33622242091693e-05	-0.563634950973125	0.137848712800415
ieu-a-51	Hip circumference	127997.0	Females	ieu-a-1128	127442.0	21468	0.00604208569084415	-0.417881013719666	0.152206425364035
ieu-a-57	Hip circumference	117339.0	Females	ieu-a-1128	127442.0	21468	0.617523181317877	-0.0433962264150943	0.0869030442333214
ieu-a-101	Hip circumference	73137.0	Females	ieu-a-1129	106776.0	61282	0.000162068448546371	0.346289259200917	0.091809866489306
ieu-a-99	Hip circumference	73137.0	Females	ieu-a-1129	106776.0	61282	8.38671532094857e-06	-0.494692912753329	0.111040520025121
ieu-a-51	Hip circumference	127997.0	Females	ieu-a-1129	106776.0	61282	0.080785138700001	-0.357551904846493	0.187526233278146
ieu-a-57	Hip circumference	117339.0	Females	ieu-a-1129	106776.0	61282	0.174664140280169	0.0940324074074074	0.0692755172034785
ieu-a-101	Hip circumference	73137.0	Females	ieu-a-1130	89677.0	46785	0.00124164521517852	0.318698084483952	0.0986945157484181
ieu-a-99	Hip circumference	73137.0	Females	ieu-a-1130	89677.0	46785	3.6065961077087e-07	-0.640139872062477	0.125798079056853
ieu-a-51	Hip circumference	127997.0	Females	ieu-a-1130	89677.0	46785	0.00624484298968664	-0.339117866084867	0.106724484113322
ieu-a-57	Hip circumference	117339.0	Females	ieu-a-1130	89677.0	46785	0.144189578457243	-0.2891518986393	0.192255079380579
ieu-a-101	Hip circumference	73137.0	Females	ieu-a-1132	83691.0	38197	0.00757690091515726	0.270020730797977	0.101117566208793
ieu-a-99	Hip circumference	73137.0	Females	ieu-a-1132	83691.0	38197	6.22045542466681e-05	-0.491216932786652	0.122672728992075
ieu-a-51	Hip circumference	127997.0	Females	ieu-a-1132	83691.0	38197	0.0520108798704316	-0.248273237179487	0.127775427089204
ieu-a-57	Hip circumference	117339.0	Females	ieu-a-1132	83691.0	38197	0.0932276542868617	0.130769001735747	0.0779030466458663
ieu-a-101	Hip circumference	73137.0	Females	ieu-a-1133	69970.0	27078	0.722161693547597	-0.0488432607729543	0.137365615802517
ieu-a-99	Hip circumference	73137.0	Females	ieu-a-1133	69970.0	27078	4.09499279146935e-05	-0.580853705075475	0.141600708790946
ieu-a-51	Hip circumference	127997.0	Females	ieu-a-1133	69970.0	27078	0.0220573967889207	-0.48776849894008	0.18948492888559
ieu-a-57	Hip circumference	117339.0	Females	ieu-a-1133	69970.0	27078	0.0641781858524526	-0.370940465744185	0.193019746304925
ieu-a-101	Hip circumference	73137.0	Females	ieu-a-1137	22068.0	4480	0.450926549320897	0.174045132234409	0.230868517074628
ieu-a-99	Hip circumference	73137.0	Females	ieu-a-1137	22068.0	4480	0.0679950230313204	-0.512549386586188	0.280842853756995
ieu-a-51	Hip circumference	127997.0	Females	ieu-a-1137	22068.0	4480	0.55362326078098	-0.351524372819865	0.580144389511954
ieu-a-57	Hip circumference	117339.0	Females	ieu-a-1137	22068.0	4480	0.795316900975791	0.0293790302870786	0.112280850065376
ieu-a-101	Hip circumference	73137.0	Females	ieu-a-1134	21814.0	4226	0.325108472549717	0.332652313895675	0.338056375284396
ieu-a-99	Hip circumference	73137.0	Females	ieu-a-1134	21814.0	4226	0.0516699795015036	-0.396813978098446	0.203925923462488
ieu-a-51	Hip circumference	127997.0	Females	ieu-a-1134	21814.0	4226	0.061620948051686	-1.32554892856818	0.648107817494797
ieu-a-57	Hip circumference	117339.0	Females	ieu-a-1134	21814.0	4226	0.684797218107225	0.0982142857142857	0.241951405509845
ieu-a-51	Hip circumference	127997.0	Females	ukb-a-519	337199.0	5510	0.0209897460624752	-0.0050382462034351	0.00196833790828839
ieu-a-101	Hip circumference	73137.0	Females	ukb-a-519	337199.0	5510	0.115495953189439	0.00468080059869445	0.00297389452629636
ieu-a-57	Hip circumference	117339.0	Females	ukb-a-519	337199.0	5510	0.0957005024806451	-0.00401786307203379	0.00241158867191854
ieu-a-99	Hip circumference	73137.0	Females	ukb-a-519	337199.0	5510	0.0051734241273272	-0.00991675007940369	0.00354672238053813
ieu-a-51	Hip circumference	127997.0	Females	ukb-a-55	337159.0	7480	0.608528510319688	-0.00369818676438544	0.0070694047484413
ieu-a-101	Hip circumference	73137.0	Females	ukb-a-55	337159.0	7480	0.0186193402989724	0.00818105646822401	0.00347676489174362
ieu-a-57	Hip circumference	117339.0	Females	ukb-a-55	337159.0	7480	0.814148353301861	-0.00064735004222973	0.00275376942282023
ieu-a-99	Hip circumference	73137.0	Females	ukb-a-55	337159.0	7480	1.09552286527163e-06	-0.0216059552718226	0.00443321401488403
ieu-a-101	Hip circumference	73137.0	Females	ieu-a-1126	228951.0	122977	3.83187911266248e-06	0.300115131394609	0.0649557850803822
ieu-a-99	Hip circumference	73137.0	Females	ieu-a-1126	228951.0	122977	6.2477875672861e-11	-0.571581023959631	0.0874286428560777
ieu-a-51	Hip circumference	127997.0	Females	ieu-a-1126	228951.0	122977	0.00403766535126361	-0.541764716305551	0.135976796844509
ieu-a-57	Hip circumference	117339.0	Females	ieu-a-1126	228951.0	122977	0.259278067985747	0.14696545060997	0.127192631775975
ieu-a-101	Hip circumference	73137.0	Females	ieu-a-1135	55149.0	9655	1.12558442349127e-08	0.615043247973451	0.107701462527011
ieu-a-99	Hip circumference	73137.0	Females	ieu-a-1135	55149.0	9655	0.0235437584157576	-0.426185090000743	0.188203245746047
ieu-a-51	Hip circumference	127997.0	Females	ieu-a-1135	55149.0	9655	0.0427816160521159	-0.501339203052572	0.226496031829871
ieu-a-57	Hip circumference	117339.0	Females	ieu-a-1135	55149.0	9655	0.347124812002239	0.0780980680574406	0.0830670711198955
ieu-a-101	Hip circumference	73137.0	Females	ieu-a-1136	50225.0	7333	0.364977800784105	0.170526338723386	0.188235382397265
ieu-a-99	Hip circumference	73137.0	Females	ieu-a-1136	50225.0	7333	0.000654612021011568	-0.783464556681596	0.229895545960512
ieu-a-51	Hip circumference	127997.0	Females	ieu-a-1136	50225.0	7333	0.134569044345317	-0.333487196765499	0.222870866251054
ieu-a-57	Hip circumference	117339.0	Females	ieu-a-1136	50225.0	7333	0.496555028977718	0.0451724910347908	0.0656799538913611
ieu-a-101	Hip circumference	73137.0	Females	ieu-a-1131	32498.0	14910	0.69796098116545	0.0691512768020889	0.17819077481503
ieu-a-99	Hip circumference	73137.0	Females	ieu-a-1131	32498.0	14910	1.71378900401947e-07	-0.680786547972218	0.130219991581246
ieu-a-51	Hip circumference	127997.0	Females	ieu-a-1131	32498.0	14910	0.0201026868792462	-0.913740683458173	0.341173613525305
ieu-a-57	Hip circumference	117339.0	Females	ieu-a-1131	32498.0	14910	0.227930436480046	0.101943094424512	0.0845504619154324
ukb-a-451	Medication for cholesterol  blood pressure  diabetes  or take exogenous hormones: Hormone replacement therapy	180203.0	Males and Females	ieu-a-1135	55149.0	9655	0.5	0.539945126978335	0.539945126978335
ukb-a-451	Medication for cholesterol  blood pressure  diabetes  or take exogenous hormones: Hormone replacement therapy	180203.0	Males and Females	ieu-a-1136	50225.0	7333	0.5	-0.114881941910284	-0.114881941910284
ukb-a-451	Medication for cholesterol  blood pressure  diabetes  or take exogenous hormones: Hormone replacement therapy	180203.0	Males and Females	ieu-a-1131	32498.0	14910	0.5	0.560894186973739	0.560894186973739
ukb-a-451	Medication for cholesterol  blood pressure  diabetes  or take exogenous hormones: Hormone replacement therapy	180203.0	Males and Females	ieu-a-1137	22068.0	4480	0.5	-2.85853302517942	-2.85853302517942
ukb-a-451	Medication for cholesterol  blood pressure  diabetes  or take exogenous hormones: Hormone replacement therapy	180203.0	Males and Females	ieu-a-1134	21814.0	4226	0.5	-4.6358242441444	-4.6358242441444
ukb-a-451	Medication for cholesterol  blood pressure  diabetes  or take exogenous hormones: Hormone replacement therapy	180203.0	Males and Females	ieu-a-1127	175475.0	69501	0.5	2.34494316722756	2.34494316722756
ukb-a-451	Medication for cholesterol  blood pressure  diabetes  or take exogenous hormones: Hormone replacement therapy	180203.0	Males and Females	ieu-a-1128	127442.0	21468	0.5	-0.256794928975929	-0.256794928975929
ukb-a-451	Medication for cholesterol  blood pressure  diabetes  or take exogenous hormones: Hormone replacement therapy	180203.0	Males and Females	ieu-a-1129	106776.0	61282	0.5	1.713092486721	1.713092486721
ukb-a-451	Medication for cholesterol  blood pressure  diabetes  or take exogenous hormones: Hormone replacement therapy	180203.0	Males and Females	ieu-a-1130	89677.0	46785	0.5	2.60849585749233	2.60849585749233
ukb-a-451	Medication for cholesterol  blood pressure  diabetes  or take exogenous hormones: Hormone replacement therapy	180203.0	Males and Females	ieu-a-1132	83691.0	38197	0.5	2.74770574004244	2.74770574004244
ukb-a-451	Medication for cholesterol  blood pressure  diabetes  or take exogenous hormones: Hormone replacement therapy	180203.0	Males and Females	ieu-a-1133	69970.0	27078	0.5	2.89907959291246	2.89907959291246
ukb-a-451	Medication for cholesterol  blood pressure  diabetes  or take exogenous hormones: Hormone replacement therapy	180203.0	Males and Females	ukb-a-519	337199.0	5510	0.5	0.0883178580599819	0.0883178580599819
ukb-a-451	Medication for cholesterol  blood pressure  diabetes  or take exogenous hormones: Hormone replacement therapy	180203.0	Males and Females	ukb-a-55	337159.0	7480	0.5	0.117143764613659	0.117143764613659
ukb-a-451	Medication for cholesterol  blood pressure  diabetes  or take exogenous hormones: Hormone replacement therapy	180203.0	Males and Females	ieu-a-1126	228951.0	122977	0.5	1.89893092216411	1.89893092216411
ukb-a-317	Number of live births	180952.0	Males and Females	ukb-a-519	337199.0	5510	0.313508187279714	0.00770213608427628	0.00764185639165066
ukb-a-317	Number of live births	180952.0	Males and Females	ukb-a-55	337159.0	7480	0.867959600145655	0.00146562514996842	0.00881574910701442
ukb-a-317	Number of live births	180952.0	Males and Females	ieu-a-1126	228951.0	122977	0.485938214869806	-0.0775596803898987	0.11131099744422
ukb-a-317	Number of live births	180952.0	Males and Females	ieu-a-1127	175475.0	69501	0.81349715969695	-0.0254464447424304	0.107861901914468
ukb-a-317	Number of live births	180952.0	Males and Females	ieu-a-1128	127442.0	21468	0.214464823693472	0.298856538818217	0.240745106681313
ukb-a-317	Number of live births	180952.0	Males and Females	ieu-a-1129	106776.0	61282	0.757486385793848	-0.0585868805390066	0.189734624953245
ukb-a-317	Number of live births	180952.0	Males and Females	ieu-a-1135	55149.0	9655	0.0396647038091766	0.701962503967861	0.341218347820516
ukb-a-317	Number of live births	180952.0	Males and Females	ieu-a-1136	50225.0	7333	0.0294217987308332	0.374081939894532	0.171771486618801
ukb-a-317	Number of live births	180952.0	Males and Females	ieu-a-1131	32498.0	14910	0.208479357064037	-0.353839283416385	0.281325450606895
ukb-a-317	Number of live births	180952.0	Males and Females	ieu-a-1137	22068.0	4480	0.0091489587630684	-0.988846045459478	0.379386094137147
ukb-a-317	Number of live births	180952.0	Males and Females	ieu-a-1134	21814.0	4226	0.950234217537014	-0.0377193460441114	0.604354135659951
ukb-a-317	Number of live births	180952.0	Males and Females	ieu-a-1130	89677.0	46785	0.786106553230904	-0.0145903895371771	0.0537656894123427
ukb-a-317	Number of live births	180952.0	Males and Females	ieu-a-1132	83691.0	38197	0.940053870020663	0.0134960192124273	0.179463198481383
ukb-a-317	Number of live births	180952.0	Males and Females	ieu-a-1133	69970.0	27078	0.656661404924712	-0.0749478755677148	0.16860129336096
ieu-a-90	Obesity class 1	98697.0	Males and Females	ieu-a-1129	106776.0	61282	0.00033567643543349	-0.141930117905991	0.039577985756036
ieu-a-90	Obesity class 1	98697.0	Males and Females	ieu-a-1130	89677.0	46785	0.499763336552392	-0.0575514575592859	0.0824709965644747
ieu-a-90	Obesity class 1	98697.0	Males and Females	ieu-a-1132	83691.0	38197	0.371678759541495	-0.0744385428906555	0.0802106921908635
ieu-a-90	Obesity class 1	98697.0	Males and Females	ieu-a-1133	69970.0	27078	0.00252119041041307	-0.144935321041655	0.0479793324463639
ieu-a-90	Obesity class 1	98697.0	Males and Females	ieu-a-1135	55149.0	9655	0.309204407038038	-0.0706420454545455	0.0694685243789029
ieu-a-90	Obesity class 1	98697.0	Males and Females	ieu-a-1136	50225.0	7333	0.00799256903911618	-0.184061846528984	0.0569570234614151
ieu-a-90	Obesity class 1	98697.0	Males and Females	ukb-a-519	337199.0	5510	0.411088062104324	-0.00161596338545532	0.00191455144359049
ieu-a-90	Obesity class 1	98697.0	Males and Females	ukb-a-55	337159.0	7480	0.118892727978076	-0.00225361172795294	0.00144514344545379
ieu-a-90	Obesity class 1	98697.0	Males and Females	ieu-a-1126	228951.0	122977	0.00460027997231087	-0.191822560451598	0.0512409292926166
ieu-a-90	Obesity class 1	98697.0	Males and Females	ieu-a-1127	175475.0	69501	0.0225856815754908	-0.145098235176547	0.0547536885050835
ieu-a-90	Obesity class 1	98697.0	Males and Females	ieu-a-1128	127442.0	21468	0.00598215125882393	-0.157098090917881	0.0571523880681593
ieu-a-90	Obesity class 1	98697.0	Males and Females	ieu-a-1131	32498.0	14910	0.00467383952366277	-0.252721510436848	0.0741647048435725
ieu-a-90	Obesity class 1	98697.0	Males and Females	ieu-a-1137	22068.0	4480	0.233592177061623	-0.111090909090909	0.0932630723485108
ieu-a-90	Obesity class 1	98697.0	Males and Females	ieu-a-1134	21814.0	4226	0.00810140419323942	-0.185779663003092	0.0701634066273986
ieu-a-91	Obesity class 2	72546.0	Males and Females	ieu-a-1137	22068.0	4480	0.00708323750781823	-0.150158690848011	0.0557608499135372
ieu-a-91	Obesity class 2	72546.0	Males and Females	ieu-a-1134	21814.0	4226	0.965839698394062	-0.00275898264963863	0.0644220576664926
ieu-a-91	Obesity class 2	72546.0	Males and Females	ukb-a-519	337199.0	5510	0.453124813673731	-0.000892631949024843	0.00113842061290031
ieu-a-91	Obesity class 2	72546.0	Males and Females	ukb-a-55	337159.0	7480	0.468622991021484	-0.000826057371794872	0.00113982755615593
ieu-a-91	Obesity class 2	72546.0	Males and Females	ieu-a-1126	228951.0	122977	0.000905374389007508	-0.134943944882508	0.0278099934863653
ieu-a-91	Obesity class 2	72546.0	Males and Females	ieu-a-1130	89677.0	46785	3.68891437071219e-06	-0.163329148576697	0.0352901380613906
ieu-a-91	Obesity class 2	72546.0	Males and Females	ieu-a-1132	83691.0	38197	0.0289891081304179	-0.0718933823529412	0.0329237235817611
ieu-a-91	Obesity class 2	72546.0	Males and Females	ieu-a-1133	69970.0	27078	0.00113292660417601	-0.13975	0.0429306527964654
ieu-a-91	Obesity class 2	72546.0	Males and Females	ieu-a-1135	55149.0	9655	0.188366755899196	-0.0853511899217395	0.0593525258648316
ieu-a-91	Obesity class 2	72546.0	Males and Females	ieu-a-1136	50225.0	7333	0.597148468093289	-0.172550262461078	0.309328972594973
ieu-a-91	Obesity class 2	72546.0	Males and Females	ieu-a-1131	32498.0	14910	0.15134402897022	-0.182527689922118	0.113342493347195
ieu-a-91	Obesity class 2	72546.0	Males and Females	ieu-a-1127	175475.0	69501	0.0225957170382548	-0.121948624751994	0.0400211338654749
ieu-a-91	Obesity class 2	72546.0	Males and Females	ieu-a-1128	127442.0	21468	0.000531335658981676	-0.182558564040158	0.0348073262450496
ieu-a-91	Obesity class 2	72546.0	Males and Females	ieu-a-1129	106776.0	61282	5.24858570565183e-06	-0.133139705882353	0.0292319336330275
ieu-a-92	Obesity class 3	50364.0	Males and Females	ieu-a-1127	175475.0	69501	0.5	-0.15972972972973	-0.15972972972973
ieu-a-92	Obesity class 3	50364.0	Males and Females	ieu-a-1128	127442.0	21468	0.5	-0.21027027027027	-0.21027027027027
ieu-a-92	Obesity class 3	50364.0	Males and Females	ieu-a-1129	106776.0	61282	0.5	-0.157135135135135	-0.157135135135135
ieu-a-92	Obesity class 3	50364.0	Males and Females	ieu-a-1132	83691.0	38197	0.5	-0.157756756756757	-0.157756756756757
ieu-a-92	Obesity class 3	50364.0	Males and Females	ieu-a-1131	32498.0	14910	0.5	-0.113513513513514	-0.113513513513514
ieu-a-92	Obesity class 3	50364.0	Males and Females	ieu-a-1137	22068.0	4480	0.5	-0.0797297297297297	-0.0797297297297297
ieu-a-92	Obesity class 3	50364.0	Males and Females	ieu-a-1134	21814.0	4226	0.5	0.00756756756756757	0.00756756756756757
ieu-a-92	Obesity class 3	50364.0	Males and Females	ukb-a-519	337199.0	5510	2.46952991475712e-05	-0.00306415970973127	0.000726523150854655
ieu-a-92	Obesity class 3	50364.0	Males and Females	ukb-a-55	337159.0	7480	9.53970592788091e-08	-0.00517856710355825	0.000970626993582136
ieu-a-92	Obesity class 3	50364.0	Males and Females	ieu-a-1126	228951.0	122977	0.5	-0.168108108108108	-0.168108108108108
ieu-a-92	Obesity class 3	50364.0	Males and Females	ieu-a-1133	69970.0	27078	0.5	-0.185675675675676	-0.185675675675676
ieu-a-92	Obesity class 3	50364.0	Males and Females	ieu-a-1135	55149.0	9655	0.5	-0.201972972972973	-0.201972972972973
ieu-a-92	Obesity class 3	50364.0	Males and Females	ieu-a-1136	50225.0	7333	0.5	-0.285567567567568	-0.285567567567568
ukb-a-487	Types of physical activity in last 4 weeks: Heavy DIY (eg: weeding  lawn mowing  carpentry  digging)	335599.0	Males and Females	ieu-a-1135	55149.0	9655	0.00126659067690365	-1.48727469220141	0.461393062447829
ukb-a-487	Types of physical activity in last 4 weeks: Heavy DIY (eg: weeding  lawn mowing  carpentry  digging)	335599.0	Males and Females	ieu-a-1136	50225.0	7333	0.898058172156532	0.114137827822474	0.890903175852019
ukb-a-487	Types of physical activity in last 4 weeks: Heavy DIY (eg: weeding  lawn mowing  carpentry  digging)	335599.0	Males and Females	ieu-a-1131	32498.0	14910	0.0389216806137523	-1.49501803314069	0.723974787130638
ukb-a-487	Types of physical activity in last 4 weeks: Heavy DIY (eg: weeding  lawn mowing  carpentry  digging)	335599.0	Males and Females	ieu-a-1137	22068.0	4480	0.232952285336711	-1.24354872716619	1.04255608953324
ukb-a-487	Types of physical activity in last 4 weeks: Heavy DIY (eg: weeding  lawn mowing  carpentry  digging)	335599.0	Males and Females	ieu-a-1134	21814.0	4226	0.583716076577224	-0.664296962117214	1.21229861611006
ukb-a-487	Types of physical activity in last 4 weeks: Heavy DIY (eg: weeding  lawn mowing  carpentry  digging)	335599.0	Males and Females	ieu-a-1127	175475.0	69501	0.0277457230814276	-0.893507759682503	0.405980633304924
ukb-a-487	Types of physical activity in last 4 weeks: Heavy DIY (eg: weeding  lawn mowing  carpentry  digging)	335599.0	Males and Females	ieu-a-1128	127442.0	21468	3.48559385246429e-07	-0.898557849263929	0.176357295573964
ukb-a-487	Types of physical activity in last 4 weeks: Heavy DIY (eg: weeding  lawn mowing  carpentry  digging)	335599.0	Males and Females	ieu-a-1129	106776.0	61282	0.0252621650514591	-1.33822097377886	0.598122326874944
ukb-a-487	Types of physical activity in last 4 weeks: Heavy DIY (eg: weeding  lawn mowing  carpentry  digging)	335599.0	Males and Females	ieu-a-1130	89677.0	46785	0.350538421840264	-0.695038182233887	0.744514572517261
ukb-a-487	Types of physical activity in last 4 weeks: Heavy DIY (eg: weeding  lawn mowing  carpentry  digging)	335599.0	Males and Females	ieu-a-1132	83691.0	38197	6.25415005844088e-11	-1.09918382605321	0.168134323167783
ukb-a-487	Types of physical activity in last 4 weeks: Heavy DIY (eg: weeding  lawn mowing  carpentry  digging)	335599.0	Males and Females	ieu-a-1133	69970.0	27078	0.285154025164853	-0.641221944549772	0.599938490172165
ukb-a-487	Types of physical activity in last 4 weeks: Heavy DIY (eg: weeding  lawn mowing  carpentry  digging)	335599.0	Males and Females	ukb-a-519	337199.0	5510	0.0872832776515046	-0.0411622746123621	0.0240728305130882
ukb-a-487	Types of physical activity in last 4 weeks: Heavy DIY (eg: weeding  lawn mowing  carpentry  digging)	335599.0	Males and Females	ukb-a-55	337159.0	7480	0.10313460088657	-0.0454130114947393	0.027863420375954
ukb-a-487	Types of physical activity in last 4 weeks: Heavy DIY (eg: weeding  lawn mowing  carpentry  digging)	335599.0	Males and Females	ieu-a-1126	228951.0	122977	0.0270729094114946	-1.10196378874406	0.498521264125011
ukb-a-486	Types of physical activity in last 4 weeks: Light DIY (eg: pruning  watering the lawn)	335599.0	Males and Females	ukb-a-519	337199.0	5510	0.170857246322781	0.0323256968104469	0.0236047978713101
ukb-a-486	Types of physical activity in last 4 weeks: Light DIY (eg: pruning  watering the lawn)	335599.0	Males and Females	ukb-a-55	337159.0	7480	1.05928172744097e-29	0.0242680106637738	0.00214404705810935
ukb-a-486	Types of physical activity in last 4 weeks: Light DIY (eg: pruning  watering the lawn)	335599.0	Males and Females	ieu-a-1126	228951.0	122977	0.654237660796825	0.219327687590612	0.489698655925013
ukb-a-486	Types of physical activity in last 4 weeks: Light DIY (eg: pruning  watering the lawn)	335599.0	Males and Females	ieu-a-1127	175475.0	69501	0.932379867235225	0.0492260920130496	0.580147627819619
ukb-a-486	Types of physical activity in last 4 weeks: Light DIY (eg: pruning  watering the lawn)	335599.0	Males and Females	ieu-a-1128	127442.0	21468	0.922935816676639	0.06902151078141	0.713501707086367
ukb-a-486	Types of physical activity in last 4 weeks: Light DIY (eg: pruning  watering the lawn)	335599.0	Males and Females	ieu-a-1129	106776.0	61282	0.186638617904728	0.920159497014793	0.696779893800108
ukb-a-486	Types of physical activity in last 4 weeks: Light DIY (eg: pruning  watering the lawn)	335599.0	Males and Females	ieu-a-1135	55149.0	9655	0.13990649170586	1.56917878845304	1.0630289115297
ukb-a-486	Types of physical activity in last 4 weeks: Light DIY (eg: pruning  watering the lawn)	335599.0	Males and Females	ieu-a-1136	50225.0	7333	1.37946436120896e-31	-1.86973751181486	0.159898401419847
ukb-a-486	Types of physical activity in last 4 weeks: Light DIY (eg: pruning  watering the lawn)	335599.0	Males and Females	ieu-a-1131	32498.0	14910	0.981993775176458	-0.0256451436615157	1.13628078000856
ukb-a-486	Types of physical activity in last 4 weeks: Light DIY (eg: pruning  watering the lawn)	335599.0	Males and Females	ieu-a-1137	22068.0	4480	0.62157059611469	-0.55460804364045	1.1235398026688
ukb-a-486	Types of physical activity in last 4 weeks: Light DIY (eg: pruning  watering the lawn)	335599.0	Males and Females	ieu-a-1134	21814.0	4226	4.5554563410945e-06	-3.69403698769021	0.805804641214024
ukb-a-486	Types of physical activity in last 4 weeks: Light DIY (eg: pruning  watering the lawn)	335599.0	Males and Females	ieu-a-1130	89677.0	46785	0.0446995565159312	-0.62621840533657	0.311943966807253
ukb-a-486	Types of physical activity in last 4 weeks: Light DIY (eg: pruning  watering the lawn)	335599.0	Males and Females	ieu-a-1132	83691.0	38197	0.270314484744012	0.860450572967019	0.780568290172162
ukb-a-486	Types of physical activity in last 4 weeks: Light DIY (eg: pruning  watering the lawn)	335599.0	Males and Females	ieu-a-1133	69970.0	27078	0.000128332048919499	-0.527071282638829	0.137629541399228
ukb-a-483	Types of physical activity in last 4 weeks: None of the above	335599.0	Males and Females	ieu-a-1130	89677.0	46785	0.452722386710376	1.12260339813899	1.49504209772619
ukb-a-483	Types of physical activity in last 4 weeks: None of the above	335599.0	Males and Females	ieu-a-1132	83691.0	38197	0.410803069748372	1.58911547020785	1.93209939402012
ukb-a-483	Types of physical activity in last 4 weeks: None of the above	335599.0	Males and Females	ieu-a-1133	69970.0	27078	0.767940307396255	0.577802244991534	1.95818616258202
ukb-a-483	Types of physical activity in last 4 weeks: None of the above	335599.0	Males and Females	ieu-a-1135	55149.0	9655	0.0293711659941399	-5.80702495593013	2.66564544585051
ukb-a-483	Types of physical activity in last 4 weeks: None of the above	335599.0	Males and Females	ieu-a-1136	50225.0	7333	0.00038210849167923	7.02966150540956	1.97899221681994
ukb-a-483	Types of physical activity in last 4 weeks: None of the above	335599.0	Males and Females	ieu-a-1131	32498.0	14910	8.975605798628e-05	8.53925783971945	2.18019761638407
ukb-a-483	Types of physical activity in last 4 weeks: None of the above	335599.0	Males and Females	ukb-a-519	337199.0	5510	0.790539680082506	0.0152926859456064	0.0575757433135093
ukb-a-483	Types of physical activity in last 4 weeks: None of the above	335599.0	Males and Females	ukb-a-55	337159.0	7480	0.0813215594223146	0.0762666703542389	0.0437542458176788
ukb-a-483	Types of physical activity in last 4 weeks: None of the above	335599.0	Males and Females	ieu-a-1126	228951.0	122977	4.22348904469471e-09	3.56437888519382	0.606682774188277
ukb-a-483	Types of physical activity in last 4 weeks: None of the above	335599.0	Males and Females	ieu-a-1127	175475.0	69501	0.486412435577338	1.03142303963317	1.48187391746921
ukb-a-483	Types of physical activity in last 4 weeks: None of the above	335599.0	Males and Females	ieu-a-1128	127442.0	21468	0.976672964822953	0.0364365016395444	1.24610691728985
ukb-a-483	Types of physical activity in last 4 weeks: None of the above	335599.0	Males and Females	ieu-a-1129	106776.0	61282	0.694973597483918	0.45255873750772	1.15414939086508
ukb-a-483	Types of physical activity in last 4 weeks: None of the above	335599.0	Males and Females	ieu-a-1137	22068.0	4480	0.931691806653423	-2.75841456295018	30.6087773541103
ukb-a-483	Types of physical activity in last 4 weeks: None of the above	335599.0	Males and Females	ieu-a-1134	21814.0	4226	0.804368732738506	0.980754230609503	3.95948927182403
ukb-a-484	Types of physical activity in last 4 weeks: Other exercises (eg: swimming  cycling  keep fit  bowling)	335599.0	Males and Females	ieu-a-1137	22068.0	4480	0.00448404464200263	-2.40170893144416	0.543707441449159
ukb-a-484	Types of physical activity in last 4 weeks: Other exercises (eg: swimming  cycling  keep fit  bowling)	335599.0	Males and Females	ieu-a-1134	21814.0	4226	0.0565038381811685	1.54002054187433	0.653340754965019
ukb-a-484	Types of physical activity in last 4 weeks: Other exercises (eg: swimming  cycling  keep fit  bowling)	335599.0	Males and Females	ukb-a-519	337199.0	5510	0.904219017380146	-0.00163674220779483	0.0136017240421062
ukb-a-484	Types of physical activity in last 4 weeks: Other exercises (eg: swimming  cycling  keep fit  bowling)	335599.0	Males and Females	ukb-a-55	337159.0	7480	0.505064213969038	-0.0252141237205813	0.035574848922951
ukb-a-484	Types of physical activity in last 4 weeks: Other exercises (eg: swimming  cycling  keep fit  bowling)	335599.0	Males and Females	ieu-a-1126	228951.0	122977	0.0884408135593734	-0.737841435689365	0.433086768966749
ukb-a-484	Types of physical activity in last 4 weeks: Other exercises (eg: swimming  cycling  keep fit  bowling)	335599.0	Males and Females	ieu-a-1130	89677.0	46785	0.244028339476183	-0.877754016933661	0.69010705234343
ukb-a-484	Types of physical activity in last 4 weeks: Other exercises (eg: swimming  cycling  keep fit  bowling)	335599.0	Males and Females	ieu-a-1132	83691.0	38197	0.997899725842115	0.00352501706394559	1.2847252091537
ukb-a-484	Types of physical activity in last 4 weeks: Other exercises (eg: swimming  cycling  keep fit  bowling)	335599.0	Males and Females	ieu-a-1133	69970.0	27078	0.359125630572986	-0.709742698295	0.773955916310812
ukb-a-484	Types of physical activity in last 4 weeks: Other exercises (eg: swimming  cycling  keep fit  bowling)	335599.0	Males and Females	ieu-a-1135	55149.0	9655	0.0453301818596306	-2.18381443272185	1.09104660753894
ukb-a-484	Types of physical activity in last 4 weeks: Other exercises (eg: swimming  cycling  keep fit  bowling)	335599.0	Males and Females	ieu-a-1136	50225.0	7333	0.268594807975026	-2.56272931631697	2.1327898491318
ukb-a-484	Types of physical activity in last 4 weeks: Other exercises (eg: swimming  cycling  keep fit  bowling)	335599.0	Males and Females	ieu-a-1131	32498.0	14910	0.364782057426324	-1.04949382678794	1.15801026967772
ukb-a-484	Types of physical activity in last 4 weeks: Other exercises (eg: swimming  cycling  keep fit  bowling)	335599.0	Males and Females	ieu-a-1127	175475.0	69501	0.759721813378547	-0.238893424860859	0.74623000235604
ukb-a-484	Types of physical activity in last 4 weeks: Other exercises (eg: swimming  cycling  keep fit  bowling)	335599.0	Males and Females	ieu-a-1128	127442.0	21468	0.695703608652638	-0.496669455062647	1.2183464301791
ukb-a-484	Types of physical activity in last 4 weeks: Other exercises (eg: swimming  cycling  keep fit  bowling)	335599.0	Males and Females	ieu-a-1129	106776.0	61282	0.0234819007450522	-1.52374394412223	0.672585610750337
ukb-a-485	Types of physical activity in last 4 weeks: Strenuous sports	335599.0	Males and Females	ieu-a-1127	175475.0	69501	0.100765029116499	-1.00252629912044	0.610865924359674
ukb-a-485	Types of physical activity in last 4 weeks: Strenuous sports	335599.0	Males and Females	ieu-a-1128	127442.0	21468	0.753825389756931	-0.234592793484591	0.748065419805428
ukb-a-485	Types of physical activity in last 4 weeks: Strenuous sports	335599.0	Males and Females	ieu-a-1129	106776.0	61282	0.729057345358159	-0.116913196036044	0.337528962899874
ukb-a-485	Types of physical activity in last 4 weeks: Strenuous sports	335599.0	Males and Females	ieu-a-1130	89677.0	46785	0.260945635745702	-1.74024623542917	1.54804297355329
ukb-a-485	Types of physical activity in last 4 weeks: Strenuous sports	335599.0	Males and Females	ieu-a-1132	83691.0	38197	0.607042203198766	0.354406831163173	0.689105139961596
ukb-a-485	Types of physical activity in last 4 weeks: Strenuous sports	335599.0	Males and Females	ieu-a-1133	69970.0	27078	0.0623455758975431	-2.30586363813591	1.23716411359066
ukb-a-485	Types of physical activity in last 4 weeks: Strenuous sports	335599.0	Males and Females	ieu-a-1137	22068.0	4480	0.670900629796815	-0.747194450859338	1.75846758002724
ukb-a-485	Types of physical activity in last 4 weeks: Strenuous sports	335599.0	Males and Females	ieu-a-1134	21814.0	4226	0.5	-0.492622971009138	-0.492622971009138
ukb-a-485	Types of physical activity in last 4 weeks: Strenuous sports	335599.0	Males and Females	ukb-a-519	337199.0	5510	0.00132906853284749	-0.0288972927231119	0.00900331523303752
ukb-a-485	Types of physical activity in last 4 weeks: Strenuous sports	335599.0	Males and Females	ukb-a-55	337159.0	7480	0.298108580652306	-0.0261539400107858	0.0251359823425046
ukb-a-485	Types of physical activity in last 4 weeks: Strenuous sports	335599.0	Males and Females	ieu-a-1126	228951.0	122977	0.255953754560623	-0.812324905461831	0.715070514754945
ukb-a-485	Types of physical activity in last 4 weeks: Strenuous sports	335599.0	Males and Females	ieu-a-1135	55149.0	9655	0.464539855822062	-0.396295849702681	0.54183795189283
ukb-a-485	Types of physical activity in last 4 weeks: Strenuous sports	335599.0	Males and Females	ieu-a-1136	50225.0	7333	0.25216570037195	-1.29972335045616	1.13502556417621
ukb-a-485	Types of physical activity in last 4 weeks: Strenuous sports	335599.0	Males and Females	ieu-a-1131	32498.0	14910	0.648720690138656	-1.11656244444678	2.45107362446167
ukb-a-482	Types of physical activity in last 4 weeks: Walking for pleasure (not as a means of transport)	335599.0	Males and Females	ieu-a-1135	55149.0	9655	0.516158617722273	-0.918238087384489	1.41424459249005
ukb-a-482	Types of physical activity in last 4 weeks: Walking for pleasure (not as a means of transport)	335599.0	Males and Females	ieu-a-1136	50225.0	7333	0.0212587785499556	-3.88099076696285	1.68492820381893
ukb-a-482	Types of physical activity in last 4 weeks: Walking for pleasure (not as a means of transport)	335599.0	Males and Females	ieu-a-1131	32498.0	14910	0.905807655017446	-0.138456094365139	1.17010277311387
ukb-a-482	Types of physical activity in last 4 weeks: Walking for pleasure (not as a means of transport)	335599.0	Males and Females	ieu-a-1137	22068.0	4480	0.798067618478008	0.593664662989178	2.32037338697897
ukb-a-482	Types of physical activity in last 4 weeks: Walking for pleasure (not as a means of transport)	335599.0	Males and Females	ieu-a-1134	21814.0	4226	0.780575239451586	0.411755340824655	1.47810644936684
ukb-a-482	Types of physical activity in last 4 weeks: Walking for pleasure (not as a means of transport)	335599.0	Males and Females	ieu-a-1127	175475.0	69501	0.416869077399532	-0.588261702150716	0.724580655809683
ukb-a-482	Types of physical activity in last 4 weeks: Walking for pleasure (not as a means of transport)	335599.0	Males and Females	ieu-a-1128	127442.0	21468	0.195578383656744	-1.00842371759146	0.779155606636993
ukb-a-482	Types of physical activity in last 4 weeks: Walking for pleasure (not as a means of transport)	335599.0	Males and Females	ieu-a-1129	106776.0	61282	1.85808555092851e-05	-1.8789903014719	0.438883596862152
ukb-a-482	Types of physical activity in last 4 weeks: Walking for pleasure (not as a means of transport)	335599.0	Males and Females	ieu-a-1130	89677.0	46785	0.614649981438087	-0.445453177542504	0.884806366972416
ukb-a-482	Types of physical activity in last 4 weeks: Walking for pleasure (not as a means of transport)	335599.0	Males and Females	ieu-a-1132	83691.0	38197	8.90322318602984e-05	-1.86288909278317	0.475385905007693
ukb-a-482	Types of physical activity in last 4 weeks: Walking for pleasure (not as a means of transport)	335599.0	Males and Females	ieu-a-1133	69970.0	27078	0.416512568210847	-1.0353309328778	1.16941404769877
ukb-a-482	Types of physical activity in last 4 weeks: Walking for pleasure (not as a means of transport)	335599.0	Males and Females	ukb-a-519	337199.0	5510	0.790450186706832	-0.00673575544462016	0.0253484934044823
ukb-a-482	Types of physical activity in last 4 weeks: Walking for pleasure (not as a means of transport)	335599.0	Males and Females	ukb-a-55	337159.0	7480	0.770285763159184	-0.0126202202060004	0.0409350487221603
ukb-a-482	Types of physical activity in last 4 weeks: Walking for pleasure (not as a means of transport)	335599.0	Males and Females	ieu-a-1126	228951.0	122977	0.0139781053227619	-1.46157243590621	0.594660769226672
ieu-a-63	Waist circumference	127997.0	Females	ukb-a-519	337199.0	5510	0.0209897460624752	-0.0050382462034351	0.00196833790828839
ieu-a-69	Waist circumference	127469.0	Females	ukb-a-519	337199.0	5510	0.652428326830755	-0.00278989573839925	0.00609138418472932
ieu-a-103	Waist circumference	73137.0	Females	ukb-a-519	337199.0	5510	0.00103657896749484	-0.0126896116559884	0.00386830553026424
ieu-a-105	Waist circumference	73137.0	Females	ukb-a-519	337199.0	5510	0.0269148344829658	-0.0106700246347903	0.00482206350587494
ieu-a-63	Waist circumference	127997.0	Females	ukb-a-55	337159.0	7480	0.575982442111419	-0.00369818676438544	0.00646857780654256
ieu-a-69	Waist circumference	127469.0	Females	ukb-a-55	337159.0	7480	0.776125746826916	0.00103786998125079	0.00364969842663915
ieu-a-103	Waist circumference	73137.0	Females	ukb-a-55	337159.0	7480	1.4699662783658e-07	-0.0249265212354121	0.00474223415045839
ieu-a-105	Waist circumference	73137.0	Females	ukb-a-55	337159.0	7480	0.0771245330009884	-0.00982786503678576	0.00555994372246614
ieu-a-63	Waist circumference	127997.0	Females	ieu-a-1126	228951.0	122977	0.00632377426168109	-0.541764716305551	0.147682917611653
ieu-a-69	Waist circumference	127469.0	Females	ieu-a-1126	228951.0	122977	0.00128011994789946	-0.353633974544348	0.0936720879707973
ieu-a-103	Waist circumference	73137.0	Females	ieu-a-1126	228951.0	122977	1.86256976719135e-12	-0.667426231821125	0.094745592326744
ieu-a-105	Waist circumference	73137.0	Females	ieu-a-1126	228951.0	122977	0.0274144569987013	-0.219219210512874	0.0993936652490891
ieu-a-63	Waist circumference	127997.0	Females	ieu-a-1127	175475.0	69501	0.00592147878793552	-0.494620469041474	0.142133469201265
ieu-a-69	Waist circumference	127469.0	Females	ieu-a-1127	175475.0	69501	0.629446119123817	0.0464732142857143	0.0963162273492127
ieu-a-103	Waist circumference	73137.0	Females	ieu-a-1127	175475.0	69501	1.42816058460291e-08	-0.57938626316676	0.102184926965809
ieu-a-105	Waist circumference	73137.0	Females	ieu-a-1127	175475.0	69501	0.0145230340787973	-0.289405131637813	0.118411659063121
ieu-a-63	Waist circumference	127997.0	Females	ieu-a-1128	127442.0	21468	0.00812005333549076	-0.417881013719666	0.157867478484722
ieu-a-69	Waist circumference	127469.0	Females	ieu-a-1128	127442.0	21468	0.48134788616415	-0.0729568811267928	0.101577085216815
ieu-a-103	Waist circumference	73137.0	Females	ieu-a-1128	127442.0	21468	8.69074054499671e-08	-0.82728767908074	0.154570618957006
ieu-a-105	Waist circumference	73137.0	Females	ieu-a-1128	127442.0	21468	0.739642757577797	0.0591389746899998	0.177954453728124
ieu-a-63	Waist circumference	127997.0	Females	ieu-a-1129	106776.0	61282	0.0969496824938103	-0.357551904846493	0.198584520794268
ieu-a-69	Waist circumference	127469.0	Females	ieu-a-1129	106776.0	61282	0.649040755899694	-0.0487977207977208	0.107225304750402
ieu-a-103	Waist circumference	73137.0	Females	ieu-a-1129	106776.0	61282	2.33418095587217e-06	-0.56471872640113	0.119590507338951
ieu-a-105	Waist circumference	73137.0	Females	ieu-a-1129	106776.0	61282	0.149538790886332	-0.202973775500792	0.140840315371592
ieu-a-63	Waist circumference	127997.0	Females	ieu-a-1135	55149.0	9655	0.0427816160521159	-0.501339203052572	0.226496031829871
ieu-a-69	Waist circumference	127469.0	Females	ieu-a-1135	55149.0	9655	0.0501475531752397	-0.336321636921844	0.171706276656422
ieu-a-103	Waist circumference	73137.0	Females	ieu-a-1135	55149.0	9655	0.000527629095657607	-0.721469435134021	0.208136819479659
ieu-a-105	Waist circumference	73137.0	Females	ieu-a-1135	55149.0	9655	0.739906344031614	0.0841358312772515	0.253438450567896
ieu-a-63	Waist circumference	127997.0	Females	ieu-a-1136	50225.0	7333	0.124666597693708	-0.333487196765499	0.217187951398146
ieu-a-69	Waist circumference	127469.0	Females	ieu-a-1136	50225.0	7333	0.470613659680923	-0.147226586998814	0.204061642682506
ieu-a-103	Waist circumference	73137.0	Females	ieu-a-1136	50225.0	7333	1.41415203724234e-05	-1.08984515340764	0.251020827817066
ieu-a-105	Waist circumference	73137.0	Females	ieu-a-1136	50225.0	7333	0.305234664672949	-0.203633821783688	0.198614356018979
ieu-a-63	Waist circumference	127997.0	Females	ieu-a-1131	32498.0	14910	0.0285048675720051	-0.913740683458173	0.367169687984987
ieu-a-69	Waist circumference	127469.0	Females	ieu-a-1131	32498.0	14910	0.130658518071463	0.174769311890324	0.110350492346288
ieu-a-103	Waist circumference	73137.0	Females	ieu-a-1131	32498.0	14910	6.83244237526847e-10	-0.69931888008801	0.11334325989595
ieu-a-105	Waist circumference	73137.0	Females	ieu-a-1131	32498.0	14910	0.566145684007525	-0.151931750855006	0.264810724740858
ieu-a-63	Waist circumference	127997.0	Females	ieu-a-1137	22068.0	4480	0.54170538568833	-0.351524372819865	0.562921826756177
ieu-a-69	Waist circumference	127469.0	Females	ieu-a-1137	22068.0	4480	0.000340502323848706	0.434255867173987	0.121220564451921
ieu-a-103	Waist circumference	73137.0	Females	ieu-a-1137	22068.0	4480	0.0784974892823563	-0.58925937983949	0.334907069422034
ieu-a-105	Waist circumference	73137.0	Females	ieu-a-1137	22068.0	4480	0.102329500975261	0.523808835434954	0.320634449251731
ieu-a-63	Waist circumference	127997.0	Females	ieu-a-1134	21814.0	4226	0.0558915342911344	-1.32554892856818	0.631447910548004
ieu-a-69	Waist circumference	127469.0	Females	ieu-a-1134	21814.0	4226	0.702936936763653	-0.124768518518519	0.327168216043505
ieu-a-103	Waist circumference	73137.0	Females	ieu-a-1134	21814.0	4226	0.241782908434405	-0.166917336544208	0.14259832757083
ieu-a-105	Waist circumference	73137.0	Females	ieu-a-1134	21814.0	4226	0.825432949289888	0.110634291031346	0.501600191673449
ieu-a-63	Waist circumference	127997.0	Females	ieu-a-1130	89677.0	46785	0.00624484298968664	-0.339117866084867	0.106724484113322
ieu-a-69	Waist circumference	127469.0	Females	ieu-a-1130	89677.0	46785	0.11974651239605	-0.156015342394681	0.0957642015156452
ieu-a-103	Waist circumference	73137.0	Females	ieu-a-1130	89677.0	46785	9.33649202060223e-09	-0.782212920515539	0.136217972784921
ieu-a-105	Waist circumference	73137.0	Females	ieu-a-1130	89677.0	46785	0.0955652200932424	-0.260818177921117	0.156483598882633
ieu-a-63	Waist circumference	127997.0	Females	ieu-a-1132	83691.0	38197	0.0415143025723746	-0.248273237179487	0.121800699988091
ieu-a-69	Waist circumference	127469.0	Females	ieu-a-1132	83691.0	38197	0.287585821139421	-0.123307692307692	0.115952523707268
ieu-a-103	Waist circumference	73137.0	Females	ieu-a-1132	83691.0	38197	6.01372234065832e-05	-0.525883057437571	0.131068654994025
ieu-a-105	Waist circumference	73137.0	Females	ieu-a-1132	83691.0	38197	0.0153662272065702	-0.387630647199686	0.159938007060786
ieu-a-63	Waist circumference	127997.0	Females	ieu-a-1133	69970.0	27078	0.0270297526313744	-0.48776849894008	0.197546873121887
ieu-a-69	Waist circumference	127469.0	Females	ieu-a-1133	69970.0	27078	0.0786532931885294	-0.2021875	0.108787717148192
ieu-a-103	Waist circumference	73137.0	Females	ieu-a-1133	69970.0	27078	3.67052805432523e-06	-0.70543416772382	0.152387396217894
ieu-a-105	Waist circumference	73137.0	Females	ieu-a-1133	69970.0	27078	0.254781005226772	-0.210018101503326	0.184418366994874
ieu-a-111	Waist-to-hip ratio	73137.0	Females	ieu-a-1130	89677.0	46785	0.00433438772155446	-0.408233235048115	0.143102082264896
ieu-a-75	Waist-to-hip ratio	118003.0	Females	ieu-a-1130	89677.0	46785	0.0177995727157018	-0.3050625	0.128731319985925
ieu-a-81	Waist-to-hip ratio	116740.0	Females	ieu-a-1130	89677.0	46785	0.481395752308588	0.0685824175824175	0.097409981087985
ieu-a-109	Waist-to-hip ratio	73137.0	Females	ieu-a-1130	89677.0	46785	0.0367431447650211	-0.233157021067868	0.111632805266274
ieu-a-111	Waist-to-hip ratio	73137.0	Females	ieu-a-1132	83691.0	38197	0.0723683373304476	-0.209711667912457	0.116714366726008
ieu-a-75	Waist-to-hip ratio	118003.0	Females	ieu-a-1132	83691.0	38197	0.381222275021541	-0.180635317193295	0.200600337789
ieu-a-81	Waist-to-hip ratio	116740.0	Females	ieu-a-1132	83691.0	38197	0.182115656109131	-0.120204582635738	0.0900902043712603
ieu-a-109	Waist-to-hip ratio	73137.0	Females	ieu-a-1132	83691.0	38197	3.18127179183623e-05	-0.439218326710234	0.105579134885891
ieu-a-111	Waist-to-hip ratio	73137.0	Females	ieu-a-1133	69970.0	27078	0.268315370622337	-0.184416366497781	0.166598580536352
ieu-a-75	Waist-to-hip ratio	118003.0	Females	ieu-a-1133	69970.0	27078	0.547701972110411	0.17540864346526	0.284698223655184
ieu-a-81	Waist-to-hip ratio	116740.0	Females	ieu-a-1133	69970.0	27078	0.345171400657179	0.0966666666666667	0.102401501932287
ieu-a-109	Waist-to-hip ratio	73137.0	Females	ieu-a-1133	69970.0	27078	0.0322991025758796	-0.282432442694319	0.1319352807062
ieu-a-111	Waist-to-hip ratio	73137.0	Females	ieu-a-1135	55149.0	9655	0.0378390402506205	-0.385224420849421	0.185507810866312
ieu-a-75	Waist-to-hip ratio	118003.0	Females	ieu-a-1135	55149.0	9655	0.0127121566313961	-0.344282901392222	0.122743304877932
ieu-a-81	Waist-to-hip ratio	116740.0	Females	ieu-a-1135	55149.0	9655	0.71104995393705	-0.121896791270026	0.325838502068511
ieu-a-109	Waist-to-hip ratio	73137.0	Females	ieu-a-1135	55149.0	9655	0.343462894256902	-0.168811191479094	0.178193954587726
ieu-a-111	Waist-to-hip ratio	73137.0	Females	ieu-a-1136	50225.0	7333	0.495751159090226	-0.14703125	0.215844640324933
ieu-a-75	Waist-to-hip ratio	118003.0	Females	ieu-a-1136	50225.0	7333	0.238658437288171	-0.989222339359546	0.811646031348059
ieu-a-81	Waist-to-hip ratio	116740.0	Females	ieu-a-1136	50225.0	7333	0.285579839584501	-0.155532064941861	0.145647209310317
ieu-a-109	Waist-to-hip ratio	73137.0	Females	ieu-a-1136	50225.0	7333	0.0694123185984365	-0.395418585459225	0.217774295567225
ieu-a-111	Waist-to-hip ratio	73137.0	Females	ieu-a-1131	32498.0	14910	0.39794122447614	0.0795999224081755	0.0941672328900978
ieu-a-75	Waist-to-hip ratio	118003.0	Females	ieu-a-1131	32498.0	14910	0.976937246772046	0.00507575757575757	0.175577674486305
ieu-a-81	Waist-to-hip ratio	116740.0	Females	ieu-a-1131	32498.0	14910	0.739987691206002	0.0486486486486487	0.146589629862419
ieu-a-109	Waist-to-hip ratio	73137.0	Females	ieu-a-1131	32498.0	14910	0.470006953330932	-0.0645722419675545	0.0893773362218382
ieu-a-75	Waist-to-hip ratio	118003.0	Females	ukb-a-519	337199.0	5510	0.0665612120465453	-0.00539424419700992	0.00279451470523664
ieu-a-81	Waist-to-hip ratio	116740.0	Females	ukb-a-519	337199.0	5510	0.395754103318435	-0.0016473568785836	0.00191375855635414
ieu-a-111	Waist-to-hip ratio	73137.0	Females	ukb-a-519	337199.0	5510	0.470089196660395	0.00728199942460112	0.00944754135978969
ieu-a-109	Waist-to-hip ratio	73137.0	Females	ukb-a-519	337199.0	5510	0.00798871732189284	-0.00833257497357538	0.00314134950512384
ieu-a-75	Waist-to-hip ratio	118003.0	Females	ukb-a-55	337159.0	7480	0.8286786418707	0.00133891289586333	0.00610262441269128
ieu-a-81	Waist-to-hip ratio	116740.0	Females	ukb-a-55	337159.0	7480	0.658844900161746	-0.00120698083792816	0.00273376572229312
ieu-a-111	Waist-to-hip ratio	73137.0	Females	ukb-a-55	337159.0	7480	0.679551404096035	0.00160305055161544	0.00388077024381047
ieu-a-109	Waist-to-hip ratio	73137.0	Females	ukb-a-55	337159.0	7480	0.0183518896232479	-0.00834043448462105	0.0035364189322094
ieu-a-111	Waist-to-hip ratio	73137.0	Females	ieu-a-1126	228951.0	122977	0.901612719977495	0.105247129764888	0.809412777787827
ieu-a-75	Waist-to-hip ratio	118003.0	Females	ieu-a-1126	228951.0	122977	0.0317358543319064	-0.256638302832498	0.110699500969853
ieu-a-81	Waist-to-hip ratio	116740.0	Females	ieu-a-1126	228951.0	122977	0.381388142160897	0.211654450914123	0.238116933366954
ieu-a-109	Waist-to-hip ratio	73137.0	Females	ieu-a-1126	228951.0	122977	0.00025933777428018	-0.261753941340193	0.0716573021362891
ieu-a-111	Waist-to-hip ratio	73137.0	Females	ieu-a-1127	175475.0	69501	0.550105944808143	-0.0645502645502645	0.108015588599559
ieu-a-75	Waist-to-hip ratio	118003.0	Females	ieu-a-1127	175475.0	69501	0.00212400942442892	-0.30625	0.0996803285714764
ieu-a-81	Waist-to-hip ratio	116740.0	Females	ieu-a-1127	175475.0	69501	0.945885660939334	-0.00470670697007094	0.0693444177280693
ieu-a-109	Waist-to-hip ratio	73137.0	Females	ieu-a-1127	175475.0	69501	4.57629370419079e-05	-0.352468339950138	0.0864682482970183
ieu-a-111	Waist-to-hip ratio	73137.0	Females	ieu-a-1128	127442.0	21468	0.150956207600801	-0.120709261600339	0.0840498838629666
ieu-a-75	Waist-to-hip ratio	118003.0	Females	ieu-a-1128	127442.0	21468	0.0160166823463451	-0.307514681192118	0.12767705581221
ieu-a-81	Waist-to-hip ratio	116740.0	Females	ieu-a-1128	127442.0	21468	0.765731961219969	-0.0288793103448275	0.0969227091506131
ieu-a-109	Waist-to-hip ratio	73137.0	Females	ieu-a-1128	127442.0	21468	0.160443483506533	-0.176226424223377	0.12555481404209
ieu-a-111	Waist-to-hip ratio	73137.0	Females	ieu-a-1129	106776.0	61282	0.142549863231339	-0.190135135135135	0.129664582296201
ieu-a-75	Waist-to-hip ratio	118003.0	Females	ieu-a-1129	106776.0	61282	0.00050606822082412	-0.358357142857143	0.103049517108837
ieu-a-81	Waist-to-hip ratio	116740.0	Females	ieu-a-1129	106776.0	61282	0.0323694771856814	-0.130147846106904	0.057296302677362
ieu-a-109	Waist-to-hip ratio	73137.0	Females	ieu-a-1129	106776.0	61282	0.000851309215661336	-0.339808985772157	0.101874956692683
ieu-a-111	Waist-to-hip ratio	73137.0	Females	ieu-a-1137	22068.0	4480	0.246743686254439	0.19410900849325	0.167581673673786
ieu-a-75	Waist-to-hip ratio	118003.0	Females	ieu-a-1137	22068.0	4480	0.848863561948003	0.0348213971531662	0.182723648815778
ieu-a-81	Waist-to-hip ratio	116740.0	Females	ieu-a-1137	22068.0	4480	0.280605312834793	0.158534873102861	0.146932964879286
ieu-a-109	Waist-to-hip ratio	73137.0	Females	ieu-a-1137	22068.0	4480	0.432170719415836	0.229333121972851	0.291964643752076
ieu-a-111	Waist-to-hip ratio	73137.0	Females	ieu-a-1134	21814.0	4226	0.113351474191526	0.479699640315349	0.302973204224324
ieu-a-75	Waist-to-hip ratio	118003.0	Females	ieu-a-1134	21814.0	4226	0.405523442752947	-0.160454338852694	0.192900799668896
ieu-a-81	Waist-to-hip ratio	116740.0	Females	ieu-a-1134	21814.0	4226	0.305335666672765	0.279310344827586	0.272482391673192
ieu-a-109	Waist-to-hip ratio	73137.0	Females	ieu-a-1134	21814.0	4226	0.985830233761936	-0.00595342852162703	0.335213645516612
ukb-a-265	Whole body fat mass	330762.0	Males and Females	ieu-a-1137	22068.0	4480	0.388570195378708	-0.0835135493240189	0.096859509044773
ukb-a-265	Whole body fat mass	330762.0	Males and Females	ieu-a-1134	21814.0	4226	0.97477905293001	0.00597410873405268	0.188964164456614
ukb-a-265	Whole body fat mass	330762.0	Males and Females	ukb-a-519	337199.0	5510	0.5122091757935	-0.000711917384737251	0.00108483444601137
ukb-a-265	Whole body fat mass	330762.0	Males and Females	ukb-a-55	337159.0	7480	0.558327693157704	-0.000748121953756717	0.00127658307174601
ukb-a-265	Whole body fat mass	330762.0	Males and Females	ieu-a-1126	228951.0	122977	0.847465379516127	0.0275513982867237	0.143046724624511
ukb-a-265	Whole body fat mass	330762.0	Males and Females	ieu-a-1130	89677.0	46785	0.766373524569006	-0.0181512059929696	0.0610901193975317
ukb-a-265	Whole body fat mass	330762.0	Males and Females	ieu-a-1132	83691.0	38197	0.918841072817484	0.0198516838610407	0.19460285685097
ukb-a-265	Whole body fat mass	330762.0	Males and Females	ieu-a-1133	69970.0	27078	0.47498211209823	0.180910415953836	0.252810439400799
ukb-a-265	Whole body fat mass	330762.0	Males and Females	ieu-a-1135	55149.0	9655	0.610274069820355	-0.0378684909610774	0.0742082537480023
ukb-a-265	Whole body fat mass	330762.0	Males and Females	ieu-a-1136	50225.0	7333	0.00227701193451479	-0.798485845100733	0.259067658285392
ukb-a-265	Whole body fat mass	330762.0	Males and Females	ieu-a-1131	32498.0	14910	0.0405726333586195	-0.128620743665151	0.06246870863252
ukb-a-265	Whole body fat mass	330762.0	Males and Females	ieu-a-1127	175475.0	69501	0.925078538284468	-0.0143333924604294	0.152232071094314
ukb-a-265	Whole body fat mass	330762.0	Males and Females	ieu-a-1128	127442.0	21468	0.213535643298088	0.0857260135548809	0.0689170171324298
ukb-a-265	Whole body fat mass	330762.0	Males and Females	ieu-a-1129	106776.0	61282	0.440053459489854	-0.13235226371753	0.171109817733161
ukb-a-266	Whole body fat-free mass	331291.0	Males and Females	ieu-a-1127	175475.0	69501	0.371829039470447	0.130583010650288	0.146044339274847
ukb-a-266	Whole body fat-free mass	331291.0	Males and Females	ieu-a-1128	127442.0	21468	0.303294543405488	-0.0807063419043468	0.0784017955152029
ukb-a-266	Whole body fat-free mass	331291.0	Males and Females	ieu-a-1129	106776.0	61282	0.00831414425141235	0.108306987685788	0.0407826365120371
ukb-a-266	Whole body fat-free mass	331291.0	Males and Females	ukb-a-519	337199.0	5510	0.0869166106380947	-0.00227704931726503	0.00132690096160487
ukb-a-266	Whole body fat-free mass	331291.0	Males and Females	ukb-a-55	337159.0	7480	0.133520944644027	0.0105869115602768	0.00704065833621669
ukb-a-266	Whole body fat-free mass	331291.0	Males and Females	ieu-a-1126	228951.0	122977	0.760075175830459	0.0139457472600071	0.0456331919408482
ukb-a-266	Whole body fat-free mass	331291.0	Males and Females	ieu-a-1137	22068.0	4480	0.0774011191210348	-0.333492668444612	0.188844054695625
ukb-a-266	Whole body fat-free mass	331291.0	Males and Females	ieu-a-1134	21814.0	4226	0.426195921202722	-0.08576533867032	0.107640240183991
ukb-a-266	Whole body fat-free mass	331291.0	Males and Females	ieu-a-1135	55149.0	9655	0.0032918957917585	-0.261732029965726	0.0884774305937971
ukb-a-266	Whole body fat-free mass	331291.0	Males and Females	ieu-a-1136	50225.0	7333	0.000696657170642903	-0.342825363142364	0.100251064426773
ukb-a-266	Whole body fat-free mass	331291.0	Males and Females	ieu-a-1131	32498.0	14910	0.0429639995078602	-0.177671534714812	0.0874799442236791
ukb-a-266	Whole body fat-free mass	331291.0	Males and Females	ieu-a-1130	89677.0	46785	0.582227444829737	0.0388158309281459	0.0705570434537111
ukb-a-266	Whole body fat-free mass	331291.0	Males and Females	ieu-a-1132	83691.0	38197	0.862899374728481	0.00795201667682783	0.0460117535436049
ukb-a-266	Whole body fat-free mass	331291.0	Males and Females	ieu-a-1133	69970.0	27078	0.763214811572571	-0.0145644967746093	0.0483449717620243
